Used by,Component id,Version id,Component name,Component version name,Channel versions,License ids,License names,License families,Match type,Producer match type,Usage,In use,Operational Risk,Component policy status,Overridden By,Created At,Origin name,Origin id,Review Status,Reviewed by,Reviewed at,Project path,Source/Type,Snippet Review status,File Match Count,License Risk,Component Status,Component Notes,Fulfillment Required,Version Notes,Critical Vulnerability Count,High Vulnerability Count,Medium Vulnerability Count,Low Vulnerability Count,Release Date,Newer Versions,Commit Activity,Commits in Past 12 Months,Contributors in Past 12 Months,Deep License Ids,Deep License Names,Deep License Families,Comments,Component origin id,Has License Conflicts
,0f1350da-7bbb-4be9-8567-ba36502340ff,63303fce-a442-4418-b400-609ce5ea34b1,Cats core,2.6.1,2.6.1,ad705c59-6893-4980-bdbf-0837f1823cc4,MIT License,PERMISSIVE,Transitive Dependency,,DYNAMICALLY_LINKED,true,OK,Not In Violation,,10/25/21,maven,org.typelevel:cats-core_2.12:2.6.1,NOT_REVIEWED,,,couchbase-sdk-scala 1.1.7,KB_COMPONENT,,1,OK,UNREVIEWED,,UNREVIEWED,,0,0,0,0,5/13/21,1,,,,,,,,bd261da2-dca6-487c-89d2-729984da0b22,false
,e5797557-804e-440a-a718-285fb2fa2aac,fb93438d-008e-4e0e-a14b-e0e7ee39e865,Cats kernel,2.6.1,2.6.1,ad705c59-6893-4980-bdbf-0837f1823cc4,MIT License,PERMISSIVE,Transitive Dependency,,DYNAMICALLY_LINKED,true,OK,Not In Violation,,10/25/21,maven,org.typelevel:cats-kernel_2.12:2.6.1,NOT_REVIEWED,,,couchbase-sdk-scala 1.1.7,KB_COMPONENT,,1,OK,UNREVIEWED,,UNREVIEWED,,0,0,0,0,5/13/21,1,,,,,,,,148dde76-5dcc-4399-817c-a62712b80ab3,false
,cb1dd6e6-4d90-4aff-9a45-2b8f6979e7cc,08b39dd6-40fc-48f4-baa2-26131ce743a1,HdrHistogram,2.1.8,2.1.8,"d26bcb7d-5bc8-4f05-8942-a3a42728a2e4,cc875133-df38-4806-9921-473e0ef01a87,a7c69599-62b6-4d06-9ec6-ea688c041c00","(BSD 2-clause ""Simplified"" License OR Creative Commons Zero v1.0 Universal OR Public Domain)",PERMISSIVE,Transitive Dependency,,DYNAMICALLY_LINKED,true,HIGH,Not In Violation,,1/7/22,maven,org.hdrhistogram:HdrHistogram:2.1.8,NOT_REVIEWED,,,couchbase-sdk-scala 1.1.7,KB_COMPONENT,,1,OK,UNREVIEWED,,UNREVIEWED,,0,0,0,0,11/26/15,10,INCREASING,11,4,,,,,7d1dca2c-1a89-4e7e-8830-158ed55533a3,false
,69a1f40e-2423-412c-98e3-869fa0919e37,55ceace8-887e-4ec6-83bc-1ad18d2953d5,Jackson-Datatype-JSR310,2.10.5,2.10.5,7cae335f-1193-421e-92f1-8802b4243e93,Apache License 2.0,PERMISSIVE,Transitive Dependency,,DYNAMICALLY_LINKED,true,LOW,Not In Violation,,10/25/21,maven,com.fasterxml.jackson.datatype:jackson-datatype-jsr310:2.10.5,NOT_REVIEWED,,,couchbase-sdk-scala 1.1.7,KB_COMPONENT,,1,OK,UNREVIEWED,,UNREVIEWED,,0,0,0,0,7/20/20,16,,,,,,,,63041322-543e-4642-89fe-c2235ca03b26,false
,93477a6b-05b7-4f6f-a576-818aba23378f,9eeb6230-3058-403d-8dbf-fcec985aa54e,Jackson-datatype-jdk8,2.10.5,2.10.5,7cae335f-1193-421e-92f1-8802b4243e93,Apache License 2.0,PERMISSIVE,Transitive Dependency,,DYNAMICALLY_LINKED,true,LOW,Not In Violation,,10/25/21,maven,com.fasterxml.jackson.datatype:jackson-datatype-jdk8:2.10.5,NOT_REVIEWED,,,couchbase-sdk-scala 1.1.7,KB_COMPONENT,,1,OK,UNREVIEWED,,UNREVIEWED,,0,0,0,0,7/20/20,16,,,,,,,,57232475-89c6-4c14-93ee-b2a659e7e4bb,false
,eea33624-c4cb-4c71-8ef7-767642d1d611,96a0d947-3aed-47a3-83d9-b86997a565cb,Jackson-module-Afterburner,2.13.1,2.13.1,7cae335f-1193-421e-92f1-8802b4243e93,Apache License 2.0,PERMISSIVE,Direct Dependency,,DYNAMICALLY_LINKED,true,OK,Not In Violation,,1/13/22,maven,com.fasterxml.jackson.module:jackson-module-afterburner:2.13.1,NOT_REVIEWED,,,couchbase-sdk-scala 1.1.7,KB_COMPONENT,,1,OK,UNREVIEWED,,UNREVIEWED,,0,0,0,0,12/18/21,0,,,,,,,,6d336d9f-7461-47ac-892c-ab4e93ce9e6d,false
,ed9663f6-217e-4f90-9aa5-c74a02cc964c,1a4df96e-32b2-4e28-bca5-e7a1501bb2ac,Java Concurrency Tools Core Library,3.3.0,3.3.0,7cae335f-1193-421e-92f1-8802b4243e93,Apache License 2.0,PERMISSIVE,Direct Dependency,,DYNAMICALLY_LINKED,true,OK,Not In Violation,,1/7/22,maven,org.jctools:jctools-core:3.3.0,NOT_REVIEWED,,,couchbase-sdk-scala 1.1.7,KB_COMPONENT,,1,OK,UNREVIEWED,,UNREVIEWED,,0,0,0,0,3/4/21,0,,,,,,,,86f9cf7f-03da-4744-84ca-014dba05fcd7,false
,874c05c9-ed80-4f4b-a936-f00eb05b72e6,e93456bb-8d51-4be1-a5c0-57af8aaa218c,LatencyUtils,2.0.3,2.0.3,"cc875133-df38-4806-9921-473e0ef01a87,bfbd4bfa-5f71-4a23-9a23-4ac267626b34","(BSD 2-clause ""Simplified"" License AND Creative Commons Public Domain Dedication and Certification)",PERMISSIVE,Direct Dependency,,DYNAMICALLY_LINKED,true,HIGH,Not In Violation,,1/7/22,maven,org.latencyutils:LatencyUtils:2.0.3,NOT_REVIEWED,,,couchbase-sdk-scala 1.1.7,KB_COMPONENT,,1,OK,UNREVIEWED,,UNREVIEWED,,0,0,0,0,12/14/15,0,STABLE,2,1,,,,,b5f0f8d3-4dbc-4992-8c1f-5e4fd5806a6d,false
,cfe4b36a-1001-4b76-accd-6ff0ed3c68ae,954121cb-d8f7-4557-9750-57de689859a2,Netty/TomcatNative [BoringSSL - Static],2.0.46.Final,2.0.46.Final,7cae335f-1193-421e-92f1-8802b4243e93,Apache License 2.0,PERMISSIVE,Direct Dependency,,DYNAMICALLY_LINKED,true,OK,Not In Violation,,1/7/22,maven,io.netty:netty-tcnative-boringssl-static:2.0.46.Final,NOT_REVIEWED,,,couchbase-sdk-scala 1.1.7,KB_COMPONENT,,1,OK,UNREVIEWED,,UNREVIEWED,,0,0,0,0,11/17/21,0,,,,,,,,f99b78d7-85f6-446b-8b7d-ba8186bc9855,false
,51ad849f-4561-4fd8-a57a-efecd9590147,41175768-b32e-4b91-a818-a91147711f93,Netty/TomcatNative [OpenSSL - Classes],2.0.46.Final,2.0.46.Final,7cae335f-1193-421e-92f1-8802b4243e93,Apache License 2.0,PERMISSIVE,Transitive Dependency,,DYNAMICALLY_LINKED,true,OK,Not In Violation,,1/7/22,maven,io.netty:netty-tcnative-classes:2.0.46.Final,NOT_REVIEWED,,,couchbase-sdk-scala 1.1.7,KB_COMPONENT,,1,OK,UNREVIEWED,,UNREVIEWED,,0,0,0,0,11/17/21,0,,,,,,,,e9243206-76a0-4744-ba25-ae1660ffdd17,false
,a342cae4-5924-45fb-b29c-5db4095a06ac,6b535d32-cc30-4327-8599-4c9ee3ba7530,ParaNamer Core,2.8,2.8,3d238144-44e6-450e-b523-3defbdaed9dc,"BSD 3-clause ""New"" or ""Revised"" License",PERMISSIVE,Transitive Dependency,,DYNAMICALLY_LINKED,true,MEDIUM,Not In Violation,,10/25/21,maven,com.thoughtworks.paranamer:paranamer:2.8,NOT_REVIEWED,,,couchbase-sdk-scala 1.1.7,KB_COMPONENT,,1,OK,UNREVIEWED,,UNREVIEWED,,0,0,0,0,8/26/15,2,,,,,,,,e42b860c-eb79-43ad-8432-978e7bbde2ac,false
,57acb49f-c5f5-4081-adbb-90099c4307d7,5e48c2a4-f040-4b72-8889-7dc599444915,Reactor Core,3.4.12,3.4.12,7cae335f-1193-421e-92f1-8802b4243e93,Apache License 2.0,PERMISSIVE,Transitive Dependency,,DYNAMICALLY_LINKED,true,LOW,Not In Violation,,1/7/22,maven,io.projectreactor:reactor-core:3.4.12,NOT_REVIEWED,,,couchbase-sdk-scala 1.1.7,KB_COMPONENT,,1,OK,UNREVIEWED,,UNREVIEWED,,0,0,0,0,11/9/21,2,INCREASING,562,46,,,,,55ec40da-3c1b-4d2c-b284-b3af2258f100,false
,57acb49f-c5f5-4081-adbb-90099c4307d7,44f24f35-d2f9-4ff0-bda9-3dac2cc2ecb9,Reactor Core,3.4.14,3.4.14,7cae335f-1193-421e-92f1-8802b4243e93,Apache License 2.0,PERMISSIVE,Transitive Dependency,,DYNAMICALLY_LINKED,true,OK,Not In Violation,,1/13/22,maven,io.projectreactor:reactor-core:3.4.14,NOT_REVIEWED,,,couchbase-sdk-scala 1.1.7,KB_COMPONENT,,1,OK,UNREVIEWED,,UNREVIEWED,,0,0,0,0,1/11/22,0,INCREASING,562,46,,,,,aa6e50ab-6e40-46a6-b859-57d87c834707,false
,5defcec1-ef02-4263-828f-7bb1e139a2af,3af7c5b3-b1bf-43dc-b23a-fe670cc5f7fd,Scala,2.12.15,2.12.15,7cae335f-1193-421e-92f1-8802b4243e93,Apache License 2.0,PERMISSIVE,"Direct Dependency,Transitive Dependency",,DYNAMICALLY_LINKED,true,LOW,Not In Violation,,12/22/21,"maven, maven","org.scala-lang:scala-reflect:2.12.15, org.scala-lang:scala-library:2.12.15",NOT_REVIEWED,,,couchbase-sdk-scala 1.1.7,KB_COMPONENT,,1,OK,UNREVIEWED,,UNREVIEWED,,0,0,0,0,9/14/21,2,DECREASING,941,46,,,,,"d76bbd83-37fb-4ca6-9e34-853216f1a774, 379749e3-a0d2-4c57-8645-0649f9f28f3c",false
,5defcec1-ef02-4263-828f-7bb1e139a2af,487918d6-7012-47d1-b56c-c52dd79d3469,Scala,v2.12.10,2.12.10,7cae335f-1193-421e-92f1-8802b4243e93,Apache License 2.0,PERMISSIVE,Transitive Dependency,,DYNAMICALLY_LINKED,true,MEDIUM,Not In Violation,,1/7/22,maven,org.scala-lang:scala-library:2.12.10,NOT_REVIEWED,,,couchbase-sdk-scala 1.1.7,KB_COMPONENT,,1,OK,UNREVIEWED,,UNREVIEWED,,0,0,0,0,9/10/19,17,DECREASING,941,46,,,,,b2028256-8a02-4529-8f38-b3c1b178debd,false
,97afe998-1e34-4a7b-9567-3c87a516914b,4d2c52c3-81a6-4f89-976b-45d9a24cb9d9,Scala wrapper for reactor-core,0.8.0,0.8.0,7cae335f-1193-421e-92f1-8802b4243e93,Apache License 2.0,PERMISSIVE,Direct Dependency,,DYNAMICALLY_LINKED,true,OK,Not In Violation,,1/7/22,maven,io.projectreactor:reactor-scala-extensions_2.12:0.8.0,NOT_REVIEWED,,,couchbase-sdk-scala 1.1.7,KB_COMPONENT,,1,OK,UNREVIEWED,,UNREVIEWED,,0,0,0,0,8/6/20,0,,,,,,,,75123d3c-e8d3-46fe-a555-2a0a3ce20254,false
,6ff86087-159b-4635-9d9d-0cfc4beba33e,2a12426c-e714-4ea3-bf82-935c37f56e1e,annotation,0.5.4,0.5.4,7cae335f-1193-421e-92f1-8802b4243e93,Apache License 2.0,PERMISSIVE,Transitive Dependency,,DYNAMICALLY_LINKED,true,OK,Not In Violation,,10/25/21,maven,org.typelevel:simulacrum-scalafix-annotations_2.12:0.5.4,NOT_REVIEWED,,,couchbase-sdk-scala 1.1.7,KB_COMPONENT,,1,OK,UNREVIEWED,,UNREVIEWED,,0,0,0,0,2/16/21,0,,,,,,,,d999ab99-483b-4271-8833-db45004aa9db,false
,7b453993-471b-48bd-b0a2-87d8f71b310c,89794ac7-6ca7-4aa2-953b-c097302895f1,ast,1.3.0,1.3.0,ad705c59-6893-4980-bdbf-0837f1823cc4,MIT License,PERMISSIVE,Direct Dependency,,DYNAMICALLY_LINKED,true,LOW,Not In Violation,,12/22/21,maven,org.typelevel:jawn-ast_2.12:1.3.0,NOT_REVIEWED,,,couchbase-sdk-scala 1.1.7,KB_COMPONENT,,1,OK,UNREVIEWED,,UNREVIEWED,,0,0,0,0,11/13/21,2,,,,,,,,bb274463-ee93-45be-ba20-46beea310f16,false
,64726f2a-ddc9-4931-a94e-2eccba9103eb,b0ab15cb-4db2-4cd9-917f-7078235712d0,core,0.14.1,0.14.1,7cae335f-1193-421e-92f1-8802b4243e93,Apache License 2.0,PERMISSIVE,"Direct Dependency,Transitive Dependency",,DYNAMICALLY_LINKED,true,OK,Not In Violation,,10/25/21,maven,io.circe:circe-core_2.12:0.14.1,NOT_REVIEWED,,,couchbase-sdk-scala 1.1.7,KB_COMPONENT,,1,OK,UNREVIEWED,,UNREVIEWED,,0,0,0,0,5/26/21,1,,,,,,,,e31e3627-6b83-43ea-be2e-60ae4ec9d9bf,false
,4ae88cac-44b4-495e-b1f6-67a51f860f5d,1440a0e4-8367-4881-b435-72a1ff138a98,core,2.3.7,2.3.7,7cae335f-1193-421e-92f1-8802b4243e93,Apache License 2.0,PERMISSIVE,Transitive Dependency,,DYNAMICALLY_LINKED,true,OK,Not In Violation,,12/30/21,maven,com.chuusai:shapeless_2.12:2.3.7,NOT_REVIEWED,,,couchbase-sdk-scala 1.1.7,KB_COMPONENT,,1,OK,UNREVIEWED,,UNREVIEWED,,0,0,0,0,5/16/21,0,,,,,,,,555d91e3-48d2-4961-8888-f390f9a343d2,false
,bc7262ae-2130-43ab-aaab-bb9dbb1ef344,07023882-3149-4459-b87a-02df308e66d0,generic,0.14.1,0.14.1,7cae335f-1193-421e-92f1-8802b4243e93,Apache License 2.0,PERMISSIVE,Direct Dependency,,DYNAMICALLY_LINKED,true,OK,Not In Violation,,12/30/21,maven,io.circe:circe-generic_2.12:0.14.1,NOT_REVIEWED,,,couchbase-sdk-scala 1.1.7,KB_COMPONENT,,1,OK,UNREVIEWED,,UNREVIEWED,,0,0,0,0,5/26/21,1,,,,,,,,f7434750-246f-4bc2-bfbe-7a4da44a8b6f,false
,92325df8-8bf4-4568-a5ad-b0bd1e7eb9a3,aaacd9d7-3609-49f5-8447-311783c4a905,geny,0.6.10,0.6.10,ad705c59-6893-4980-bdbf-0837f1823cc4,MIT License,PERMISSIVE,Transitive Dependency,,DYNAMICALLY_LINKED,true,LOW,Not In Violation,,10/25/21,maven,com.lihaoyi:geny_2.12:0.6.10,NOT_REVIEWED,,,couchbase-sdk-scala 1.1.7,KB_COMPONENT,,1,OK,UNREVIEWED,,UNREVIEWED,,0,0,0,0,5/13/21,2,,,,,,,,df6f6b98-9468-4f6d-9f58-2b23450e3d89,false
,d5b90213-52f8-4429-b3c7-ed582af929d2,e7d7f3f5-6e57-457a-b877-74e3706d6fa6,jackson-annotations,2.10.5,2.10.5,7cae335f-1193-421e-92f1-8802b4243e93,Apache License 2.0,PERMISSIVE,Transitive Dependency,,DYNAMICALLY_LINKED,true,MEDIUM,Not In Violation,,12/22/21,maven,com.fasterxml.jackson.core:jackson-annotations:2.10.5,NOT_REVIEWED,,,couchbase-sdk-scala 1.1.7,KB_COMPONENT,,1,OK,UNREVIEWED,,UNREVIEWED,,0,0,0,0,7/20/20,17,INCREASING,98,1,,,,,08088ac1-e0ca-48fa-bd64-8d4168b7e612,false
,d5b90213-52f8-4429-b3c7-ed582af929d2,4a466e65-0f0c-4bfd-837e-ca7a2043755f,jackson-annotations,2.13.1,2.13.1,7cae335f-1193-421e-92f1-8802b4243e93,Apache License 2.0,PERMISSIVE,Transitive Dependency,,DYNAMICALLY_LINKED,true,MEDIUM,Not In Violation,,1/13/22,maven,com.fasterxml.jackson.core:jackson-annotations:2.13.1,NOT_REVIEWED,,,couchbase-sdk-scala 1.1.7,KB_COMPONENT,,1,OK,UNREVIEWED,,UNREVIEWED,,0,0,0,0,12/18/21,0,INCREASING,98,1,,,,,94a79f6b-4bfe-47c8-b128-80c61217754d,false
,3e00ddf9-24b9-4f51-96fb-1e4ac8723eb2,54b64a92-6c11-42e0-86f6-aceb868764ff,jackson-core,2.10.5,2.10.5,7cae335f-1193-421e-92f1-8802b4243e93,Apache License 2.0,PERMISSIVE,Transitive Dependency,,DYNAMICALLY_LINKED,true,HIGH,Not In Violation,,12/22/21,maven,com.fasterxml.jackson.core:jackson-core:2.10.5,NOT_REVIEWED,,,couchbase-sdk-scala 1.1.7,KB_COMPONENT,,1,OK,UNREVIEWED,,UNREVIEWED,,0,0,0,0,7/20/20,20,INCREASING,0,11,,,,,f874c85d-a945-443a-a6bc-faa826a0bbc4,false
,3e00ddf9-24b9-4f51-96fb-1e4ac8723eb2,eeefad98-4202-4116-84f9-eb972a337c80,jackson-core,2.13.1,2.13.1,7cae335f-1193-421e-92f1-8802b4243e93,Apache License 2.0,PERMISSIVE,Transitive Dependency,,DYNAMICALLY_LINKED,true,HIGH,Not In Violation,,1/13/22,maven,com.fasterxml.jackson.core:jackson-core:2.13.1,NOT_REVIEWED,,,couchbase-sdk-scala 1.1.7,KB_COMPONENT,,1,OK,UNREVIEWED,,UNREVIEWED,,0,0,0,0,12/18/21,0,INCREASING,0,11,,,,,619f38af-f49b-49c3-a130-7b841380775e,false
,ce7ad18a-6e02-4565-a51c-4fc2c5bc7c47,44f68f1d-ba93-48a9-91fb-5a4f3446a685,jackson-databind,2.13.1,2.13.1,7cae335f-1193-421e-92f1-8802b4243e93,Apache License 2.0,PERMISSIVE,Direct Dependency,,DYNAMICALLY_LINKED,true,LOW,Not In Violation,,1/13/22,maven,com.fasterxml.jackson.core:jackson-databind:2.13.1,NOT_REVIEWED,,,couchbase-sdk-scala 1.1.7,KB_COMPONENT,,1,OK,UNREVIEWED,,UNREVIEWED,,0,0,0,0,12/18/21,1,DECREASING,642,29,,,,,94a699ca-e2f8-42a1-af7b-c6dcf03ce524,false
,ce7ad18a-6e02-4565-a51c-4fc2c5bc7c47,372dfe66-cebd-4563-9725-bba4494b7a53,jackson-databind,2.9.10.8,2.9.10.8,7cae335f-1193-421e-92f1-8802b4243e93,Apache License 2.0,PERMISSIVE,Transitive Dependency,,DYNAMICALLY_LINKED,true,LOW,Not In Violation,,12/30/21,maven,com.fasterxml.jackson.core:jackson-databind:2.9.10.8,NOT_REVIEWED,,,couchbase-sdk-scala 1.1.7,KB_COMPONENT,,1,OK,UNREVIEWED,,UNREVIEWED,,0,0,0,0,12/19/20,16,DECREASING,642,29,,,,,b063863c-80ab-45ff-a92a-728bcf059ec7,false
,4f47d26e-05d7-4eb6-91f9-fc0e21eeaab2,c11a689b-c0f4-4a54-b991-6af91f49ce9e,jackson-module-scala,2.13.1,2.13.1,7cae335f-1193-421e-92f1-8802b4243e93,Apache License 2.0,PERMISSIVE,Direct Dependency,,DYNAMICALLY_LINKED,true,OK,Not In Violation,,1/13/22,maven,com.fasterxml.jackson.module:jackson-module-scala_2.12:2.13.1,NOT_REVIEWED,,,couchbase-sdk-scala 1.1.7,KB_COMPONENT,,1,OK,UNREVIEWED,,UNREVIEWED,,0,0,0,0,12/19/21,0,,,,,,,,f65139db-5708-440e-86e7-8d723dad7c06,false
,62d77708-8fd4-4a24-8110-604722065f38,afe5285e-7f63-4423-b8d6-8e0962b25ed7,jawn,0.14.1,0.14.1,7cae335f-1193-421e-92f1-8802b4243e93,Apache License 2.0,PERMISSIVE,Transitive Dependency,,DYNAMICALLY_LINKED,true,OK,Not In Violation,,12/30/21,maven,io.circe:circe-jawn_2.12:0.14.1,NOT_REVIEWED,,,couchbase-sdk-scala 1.1.7,KB_COMPONENT,,1,OK,UNREVIEWED,,UNREVIEWED,,0,0,0,0,5/26/21,1,,,,,,,,052a7251-3236-481b-9c88-7cae9780fbbb,false
,53c8535d-e61f-4d58-a19c-b2a0667aa529,e594e8b5-3fac-41f6-8501-e43f95f4e793,json iterator,0.9.23,0.9.23,ad705c59-6893-4980-bdbf-0837f1823cc4,MIT License,PERMISSIVE,Direct Dependency,,DYNAMICALLY_LINKED,true,OK,Not In Violation,,12/30/21,maven,com.jsoniter:jsoniter:0.9.23,NOT_REVIEWED,,,couchbase-sdk-scala 1.1.7,KB_COMPONENT,,1,OK,UNREVIEWED,,UNREVIEWED,,0,0,0,0,7/2/18,0,,,,,,,,a0c45cf8-2145-45f4-95a5-8dbc27dd0a8f,false
,39b2d81a-7d07-4a01-afb6-a09a5d17eabc,3c644d59-c84c-4a33-ab07-9781d9402fc6,json4s-ast,3.6.12,3.6.12,7cae335f-1193-421e-92f1-8802b4243e93,Apache License 2.0,PERMISSIVE,Transitive Dependency,,DYNAMICALLY_LINKED,true,OK,Not In Violation,,12/22/21,maven,org.json4s:json4s-ast_2.12:3.6.12,NOT_REVIEWED,,,couchbase-sdk-scala 1.1.7,KB_COMPONENT,,1,OK,UNREVIEWED,,UNREVIEWED,,0,0,0,0,11/4/21,1,,,,,,,,dff8c968-3448-4a1a-ac5a-a81167ed4e27,false
,dc024c96-62b6-4480-a5d7-06f971013215,a84e8970-679c-43b4-823a-008ebe32f239,json4s-core,3.6.12,3.6.12,7cae335f-1193-421e-92f1-8802b4243e93,Apache License 2.0,PERMISSIVE,Transitive Dependency,,DYNAMICALLY_LINKED,true,OK,Not In Violation,,12/22/21,maven,org.json4s:json4s-core_2.12:3.6.12,NOT_REVIEWED,,,couchbase-sdk-scala 1.1.7,KB_COMPONENT,,1,OK,UNREVIEWED,,UNREVIEWED,,0,0,0,0,11/4/21,1,,,,,,,,0927c22d-6d4a-421e-87dd-7545d0df22ec,false
,7b26637f-eb61-44cf-936c-8d520428d5f6,5c8a2831-d8b6-4fa7-a1ac-bea0bcfdd1fc,json4s-jackson,3.6.12,3.6.12,7cae335f-1193-421e-92f1-8802b4243e93,Apache License 2.0,PERMISSIVE,Direct Dependency,,DYNAMICALLY_LINKED,true,OK,Not In Violation,,12/22/21,maven,org.json4s:json4s-jackson_2.12:3.6.12,NOT_REVIEWED,,,couchbase-sdk-scala 1.1.7,KB_COMPONENT,,1,OK,UNREVIEWED,,UNREVIEWED,,0,0,0,0,11/4/21,1,,,,,,,,f8546940-f8a6-42a9-b09b-6c2bff5c8c35,false
,fc5a2c7a-99ab-4127-b05f-55f8161438f9,7414010e-549e-4bf6-ba0a-b497d3f0c797,json4s-native,3.6.12,3.6.12,7cae335f-1193-421e-92f1-8802b4243e93,Apache License 2.0,PERMISSIVE,Direct Dependency,,DYNAMICALLY_LINKED,true,OK,Not In Violation,,12/30/21,maven,org.json4s:json4s-native_2.12:3.6.12,NOT_REVIEWED,,,couchbase-sdk-scala 1.1.7,KB_COMPONENT,,1,OK,UNREVIEWED,,UNREVIEWED,,0,0,0,0,11/4/21,1,,,,,,,,08b91b89-16dc-48db-bd38-6ac53bf54b6b,false
,8a9904f7-6408-4da4-9ab3-8456e7c100da,79215f2f-c218-41ee-9563-99dd5dd57397,json4s-scalap,3.6.12,3.6.12,7cae335f-1193-421e-92f1-8802b4243e93,Apache License 2.0,PERMISSIVE,Transitive Dependency,,DYNAMICALLY_LINKED,true,OK,Not In Violation,,12/22/21,maven,org.json4s:json4s-scalap_2.12:3.6.12,NOT_REVIEWED,,,couchbase-sdk-scala 1.1.7,KB_COMPONENT,,1,OK,UNREVIEWED,,UNREVIEWED,,0,0,0,0,11/4/21,1,,,,,,,,a8aeaaac-86ab-43a0-9c64-68ac61e3c339,false
,d8fdfa6f-b3f6-4946-8bfd-266af9a290fa,711714f5-cf10-458b-9581-dfdaae32f1fb,jsoniter-scala-core,2.12.0,2.12.0,ad705c59-6893-4980-bdbf-0837f1823cc4,MIT License,PERMISSIVE,Direct Dependency,,DYNAMICALLY_LINKED,true,OK,Not In Violation,,12/22/21,maven,com.github.plokhotnyuk.jsoniter-scala:jsoniter-scala-core_2.12:2.12.0,NOT_REVIEWED,,,couchbase-sdk-scala 1.1.7,KB_COMPONENT,,1,OK,UNREVIEWED,,UNREVIEWED,,0,0,0,0,11/18/21,0,,,,,,,,ed433c35-37a4-4cce-82e4-e9cb62745c9d,false
,5c83281e-e1db-4f4a-8052-45f6681990b7,5adb62a9-2d44-4438-a434-8dd51b8229f2,jsoniter-scala-macros,2.12.0,2.12.0,ad705c59-6893-4980-bdbf-0837f1823cc4,MIT License,PERMISSIVE,Direct Dependency,,DYNAMICALLY_LINKED,true,OK,Not In Violation,,1/7/22,maven,com.github.plokhotnyuk.jsoniter-scala:jsoniter-scala-macros_2.12:2.12.0,NOT_REVIEWED,,,couchbase-sdk-scala 1.1.7,KB_COMPONENT,,1,OK,UNREVIEWED,,UNREVIEWED,,0,0,0,0,11/18/21,0,,,,,,,,73c12f7d-1bae-4902-95e2-eacaeeecf44b,false
,62efa65e-3031-4f52-89cf-73e201329eec,4f0c48e2-c311-42f0-ab41-10c77af5101d,numbers,0.14.1,0.14.1,7cae335f-1193-421e-92f1-8802b4243e93,Apache License 2.0,PERMISSIVE,Transitive Dependency,,DYNAMICALLY_LINKED,true,OK,Not In Violation,,10/25/21,maven,io.circe:circe-numbers_2.12:0.14.1,NOT_REVIEWED,,,couchbase-sdk-scala 1.1.7,KB_COMPONENT,,1,OK,UNREVIEWED,,UNREVIEWED,,0,0,0,0,5/26/21,1,,,,,,,,6a4acf46-7175-46db-b89c-f3067ef38070,false
,25e5ada4-ffae-4126-959f-3fcc8d909103,b6f6b7b8-0c1d-4783-a754-ce83aefac52e,parser,0.14.1,0.14.1,7cae335f-1193-421e-92f1-8802b4243e93,Apache License 2.0,PERMISSIVE,Direct Dependency,,DYNAMICALLY_LINKED,true,OK,Not In Violation,,12/30/21,maven,io.circe:circe-parser_2.12:0.14.1,NOT_REVIEWED,,,couchbase-sdk-scala 1.1.7,KB_COMPONENT,,1,OK,UNREVIEWED,,UNREVIEWED,,0,0,0,0,5/26/21,1,,,,,,,,4b6d3d7d-06c3-4efd-b60a-4ce6f5805e27,false
,acaeb18d-b06c-4674-9a9d-790757799d05,2f8cc2e1-940b-4128-8a88-9e34368fa4b4,parser,1.3.0,1.3.0,ad705c59-6893-4980-bdbf-0837f1823cc4,MIT License,PERMISSIVE,Transitive Dependency,,DYNAMICALLY_LINKED,true,LOW,Not In Violation,,12/22/21,maven,org.typelevel:jawn-parser_2.12:1.3.0,NOT_REVIEWED,,,couchbase-sdk-scala 1.1.7,KB_COMPONENT,,1,OK,UNREVIEWED,,UNREVIEWED,,0,0,0,0,11/13/21,2,,,,,,,,a2754cf8-7ede-4181-83e3-2ac07d4021ca,false
,c1f2d2da-247c-44e0-8ce2-500ef0f30595,a8c641ba-3c43-4fc7-b1b2-91868658b66f,play-functional,2.9.2,2.9.2,7cae335f-1193-421e-92f1-8802b4243e93,Apache License 2.0,PERMISSIVE,Transitive Dependency,,DYNAMICALLY_LINKED,true,LOW,Not In Violation,,10/25/21,maven,com.typesafe.play:play-functional_2.12:2.9.2,NOT_REVIEWED,,,couchbase-sdk-scala 1.1.7,KB_COMPONENT,,1,OK,UNREVIEWED,,UNREVIEWED,,0,0,0,0,1/4/21,4,,,,,,,,ad51f215-8ccc-4d1e-b7da-5b2fdca5ba12,false
,a2f700b3-28f3-46c3-a79f-c835321e296c,7c5807a5-c2ab-4535-9faa-82ba9f0b54f6,play-json,2.9.2,2.9.2,7cae335f-1193-421e-92f1-8802b4243e93,Apache License 2.0,PERMISSIVE,Direct Dependency,,DYNAMICALLY_LINKED,true,LOW,Not In Violation,,10/25/21,maven,com.typesafe.play:play-json_2.12:2.9.2,NOT_REVIEWED,,,couchbase-sdk-scala 1.1.7,KB_COMPONENT,,1,OK,UNREVIEWED,,UNREVIEWED,,0,0,0,0,1/4/21,4,,,,,,,,05e9065d-1466-4e51-8bfa-588960450f3b,false
,f00e23b5-eb1d-4939-93bb-4cbf7dedffb0,b7d36a0d-b650-40e4-be22-ce5c9e8535fe,reactive-streams,v1.0.3,1.0.3,a7c69599-62b6-4d06-9ec6-ea688c041c00,Creative Commons Zero v1.0 Universal,PERMISSIVE,Transitive Dependency,,DYNAMICALLY_LINKED,true,OK,Not In Violation,,1/7/22,maven,org.reactivestreams:reactive-streams:1.0.3,NOT_REVIEWED,,,couchbase-sdk-scala 1.1.7,KB_COMPONENT,,1,OK,UNREVIEWED,,UNREVIEWED,,0,0,0,0,8/23/19,0,,,,,,,,4482616d-7be8-4a7e-99c4-bf386642d418,false
,3abdb783-e862-48be-b919-98c5daf8151a,2f01ad11-b1d1-4173-b113-0091819ca135,scala-collection-compat,2.6.0,2.6.0,7cae335f-1193-421e-92f1-8802b4243e93,Apache License 2.0,PERMISSIVE,Direct Dependency,,DYNAMICALLY_LINKED,true,OK,Not In Violation,,12/22/21,maven,org.scala-lang.modules:scala-collection-compat_2.12:2.6.0,NOT_REVIEWED,,,couchbase-sdk-scala 1.1.7,KB_COMPONENT,,1,OK,UNREVIEWED,,UNREVIEWED,,0,0,0,0,11/8/21,0,,,,,,,,3481177a-a812-4f01-a73c-77d752beb1ba,false
,74806efc-cd55-483a-a709-831e1f68f334,f3ee0dac-9293-4351-acfd-cca171e38f58,scala-compiler,2.12.15,2.12.15,7cae335f-1193-421e-92f1-8802b4243e93,Apache License 2.0,PERMISSIVE,Transitive Dependency,,DYNAMICALLY_LINKED,true,HIGH,Not In Violation,,1/7/22,maven,org.scala-lang:scala-compiler:2.12.15,NOT_REVIEWED,,,couchbase-sdk-scala 1.1.7,KB_COMPONENT,,1,OK,UNREVIEWED,,UNREVIEWED,,0,0,0,0,9/14/21,2,STABLE,0,0,,,,,540a9ef0-7b84-47db-9ffa-e0ec54b75fd3,false
,1ab0d217-8efe-466a-954c-89afce8bb755,b964026b-0cf2-4502-8050-8fdb3100c662,scala-java8-compat,1.0.2,1.0.2,7cae335f-1193-421e-92f1-8802b4243e93,Apache License 2.0,PERMISSIVE,Direct Dependency,,DYNAMICALLY_LINKED,true,OK,Not In Violation,,1/7/22,maven,org.scala-lang.modules:scala-java8-compat_2.12:1.0.2,NOT_REVIEWED,,,couchbase-sdk-scala 1.1.7,KB_COMPONENT,,1,OK,UNREVIEWED,,UNREVIEWED,,0,0,0,0,10/27/21,0,,,,,,,,f53d2ac3-f765-4894-b45f-ac472958778a,false
,30fd1009-2490-42c2-97b9-ef04a381a9c8,0026e6ed-9e5c-471e-b45c-deacbc8dab79,scala-xml,1.0.6,1.0.6,3d238144-44e6-450e-b523-3defbdaed9dc,"BSD 3-clause ""New"" or ""Revised"" License",PERMISSIVE,Transitive Dependency,,DYNAMICALLY_LINKED,true,HIGH,Not In Violation,,1/7/22,maven,org.scala-lang.modules:scala-xml_2.12:1.0.6,NOT_REVIEWED,,,couchbase-sdk-scala 1.1.7,KB_COMPONENT,,1,OK,UNREVIEWED,,UNREVIEWED,,0,0,0,0,9/20/16,13,,,,,,,,c87fd780-9573-481c-bc64-bec582ef0331,false
,eb1c6940-3f50-4689-bbe8-ffaa17459a52,a0150cd2-4b2a-4108-864d-cdb8fcc7f8f2,snappy,0.4,0.4,7cae335f-1193-421e-92f1-8802b4243e93,Apache License 2.0,PERMISSIVE,Direct Dependency,,DYNAMICALLY_LINKED,true,OK,Not In Violation,,1/7/22,maven,org.iq80.snappy:snappy:0.4,NOT_REVIEWED,,,couchbase-sdk-scala 1.1.7,KB_COMPONENT,,1,OK,UNREVIEWED,,UNREVIEWED,,0,0,0,0,7/13/15,0,,,,,,,,720c5e1e-1180-4a5d-802e-f7e13d1d6c2a,false
,37efd4c1-2e5b-47b3-a032-7c0dbd5065ac,b4ae13f3-6173-4dc9-89e4-37637599033e,ujson_2.12,1.4.2,1.4.2,ad705c59-6893-4980-bdbf-0837f1823cc4,MIT License,PERMISSIVE,Transitive Dependency,,DYNAMICALLY_LINKED,true,LOW,Not In Violation,,10/25/21,maven,com.lihaoyi:ujson_2.12:1.4.2,NOT_REVIEWED,,,couchbase-sdk-scala 1.1.7,KB_COMPONENT,,1,OK,UNREVIEWED,,UNREVIEWED,,0,0,0,0,10/3/21,2,,,,,,,,4af6825b-9f68-45d1-9450-4f1562f3cc9a,false
,1cafbfa9-acfe-4666-a8b9-e85adeb4af68,7c741df1-e705-4ddc-bf66-78a1274b9ad5,upack_2.12,1.4.2,1.4.2,ad705c59-6893-4980-bdbf-0837f1823cc4,MIT License,PERMISSIVE,Transitive Dependency,,DYNAMICALLY_LINKED,true,LOW,Not In Violation,,10/25/21,maven,com.lihaoyi:upack_2.12:1.4.2,NOT_REVIEWED,,,couchbase-sdk-scala 1.1.7,KB_COMPONENT,,1,OK,UNREVIEWED,,UNREVIEWED,,0,0,0,0,10/3/21,2,,,,,,,,7c3d83cb-8c6d-4c11-b1da-df7e093b8845,false
,699c9499-318f-4ba4-a29c-c690fab26fcc,2350977a-6eb1-4bc4-b35d-2cd710169d75,upickle,1.4.2,1.4.2,ad705c59-6893-4980-bdbf-0837f1823cc4,MIT License,PERMISSIVE,Direct Dependency,,DYNAMICALLY_LINKED,true,LOW,Not In Violation,,10/25/21,maven,com.lihaoyi:upickle_2.12:1.4.2,NOT_REVIEWED,,,couchbase-sdk-scala 1.1.7,KB_COMPONENT,,1,OK,UNREVIEWED,,UNREVIEWED,,0,0,0,0,10/3/21,2,,,,,,,,fcd73b7d-6266-4dc7-86d9-a489f6df917c,false
,ac2f93ae-d2d4-45f0-8bed-37e1de0591f8,b34d0b70-fa26-4ec3-867c-1429b2cd944a,upickle-core_2.12,1.4.2,1.4.2,ad705c59-6893-4980-bdbf-0837f1823cc4,MIT License,PERMISSIVE,Transitive Dependency,,DYNAMICALLY_LINKED,true,LOW,Not In Violation,,10/25/21,maven,com.lihaoyi:upickle-core_2.12:1.4.2,NOT_REVIEWED,,,couchbase-sdk-scala 1.1.7,KB_COMPONENT,,1,OK,UNREVIEWED,,UNREVIEWED,,0,0,0,0,10/3/21,2,,,,,,,,8426c903-d3d1-4320-ae0f-ee775933de1d,false
,37b5474d-c326-4b0e-8664-c24243025a23,8655bb4b-9868-4e59-b506-98af515c6361,upickle-implicits_2.12,1.4.2,1.4.2,ad705c59-6893-4980-bdbf-0837f1823cc4,MIT License,PERMISSIVE,Transitive Dependency,,DYNAMICALLY_LINKED,true,LOW,Not In Violation,,10/25/21,maven,com.lihaoyi:upickle-implicits_2.12:1.4.2,NOT_REVIEWED,,,couchbase-sdk-scala 1.1.7,KB_COMPONENT,,1,OK,UNREVIEWED,,UNREVIEWED,,0,0,0,0,10/3/21,2,,,,,,,,5418d90e-a20f-41d6-847d-4d39d31ac8ae,false
,f2c4f0f5-f432-4fb3-8405-6227191e7532,6425b142-4420-46f2-9e59-daa991c2a8ef,util,1.3.0,1.3.0,ad705c59-6893-4980-bdbf-0837f1823cc4,MIT License,PERMISSIVE,Transitive Dependency,,DYNAMICALLY_LINKED,true,LOW,Not In Violation,,12/22/21,maven,org.typelevel:jawn-util_2.12:1.3.0,NOT_REVIEWED,,,couchbase-sdk-scala 1.1.7,KB_COMPONENT,,1,OK,UNREVIEWED,,UNREVIEWED,,0,0,0,0,11/13/21,2,,,,,,,,e4af81eb-cdd5-4f9c-a2fc-14962531aad7,false
