,Component name,Component version name,Match type,License names,License families,Review Status,Component id,Version id,License ids
0,@aws-crypto/crc32,3.0.0,Transitive Dependency,Apache License 2.0,PERMISSIVE,NOT_REVIEWED,bdfb39e0-66a1-41a3-80e0-ecbf4705f483,404cf708-5f53-4816-b1ff-17b9d34fa50f,7cae335f-1193-421e-92f1-8802b4243e93
1,@aws-crypto/crc32,5.2.0,Transitive Dependency,Apache License 2.0,PERMISSIVE,NOT_REVIEWED,bdfb39e0-66a1-41a3-80e0-ecbf4705f483,5aa018cc-3630-4518-9375-7190af903337,7cae335f-1193-421e-92f1-8802b4243e93
2,@aws-crypto/crc32c,5.2.0,Transitive Dependency,Apache License 2.0,PERMISSIVE,NOT_REVIEWED,b6839fb7-e0ac-4a5f-8588-75de7df22532,071c6c7e-6cd3-469c-ab68-8d9c8a898a76,7cae335f-1193-421e-92f1-8802b4243e93
3,@aws-crypto/ie11-detection,3.0.0,Transitive Dependency,Apache License 2.0,PERMISSIVE,NOT_REVIEWED,52f4135e-8d0a-46dd-bad2-021c250e3097,39c1eabb-9e04-42e5-a993-f73b46abfa51,7cae335f-1193-421e-92f1-8802b4243e93
4,@aws-crypto/sha1-browser,5.2.0,Transitive Dependency,Apache License 2.0,PERMISSIVE,NOT_REVIEWED,7df8b73c-1f78-47a6-b0cd-8469d4bcf32c,dba1df8d-530c-4ac1-b5cd-0c221bb98a64,7cae335f-1193-421e-92f1-8802b4243e93
5,@aws-crypto/sha256-browser,3.0.0,Transitive Dependency,Apache License 2.0,PERMISSIVE,NOT_REVIEWED,c5ec573c-b98c-4a9c-b9f0-e6c470e88372,408f0f1f-fbda-4f60-aeb9-ddf110917a30,7cae335f-1193-421e-92f1-8802b4243e93
6,@aws-crypto/sha256-browser,5.2.0,Transitive Dependency,Apache License 2.0,PERMISSIVE,NOT_REVIEWED,c5ec573c-b98c-4a9c-b9f0-e6c470e88372,736c867a-3be4-4d10-878a-b909b9686e4d,7cae335f-1193-421e-92f1-8802b4243e93
7,@aws-crypto/sha256-js,3.0.0,Transitive Dependency,Apache License 2.0,PERMISSIVE,NOT_REVIEWED,219c9ed2-c23a-4ff1-af33-d407b3cf5d34,b098953b-8fcc-4ef8-98dd-065a337b84b5,7cae335f-1193-421e-92f1-8802b4243e93
8,@aws-crypto/sha256-js,5.2.0,Transitive Dependency,Apache License 2.0,PERMISSIVE,NOT_REVIEWED,219c9ed2-c23a-4ff1-af33-d407b3cf5d34,a06c36bb-9ff4-4b56-8160-d71d767b89b3,7cae335f-1193-421e-92f1-8802b4243e93
9,@aws-crypto/supports-web-crypto,3.0.0,Transitive Dependency,Apache License 2.0,PERMISSIVE,NOT_REVIEWED,3e4ea3b2-640a-4290-85ef-e777e9bcbcf8,ec1d41c9-0b44-4d89-8615-b8456b4744cc,7cae335f-1193-421e-92f1-8802b4243e93
10,@aws-crypto/supports-web-crypto,5.2.0,Transitive Dependency,Apache License 2.0,PERMISSIVE,NOT_REVIEWED,3e4ea3b2-640a-4290-85ef-e777e9bcbcf8,6b0f7d9e-526a-4e51-8a4c-9235e85f5c09,7cae335f-1193-421e-92f1-8802b4243e93
11,@aws-crypto/util,3.0.0,Transitive Dependency,Apache License 2.0,PERMISSIVE,NOT_REVIEWED,d5f1e7b4-c07b-4cb0-84fb-727ebf4a6231,41ea9d7c-c0ba-46f1-9f10-084aebe1aab7,7cae335f-1193-421e-92f1-8802b4243e93
12,@aws-crypto/util,5.2.0,Transitive Dependency,Apache License 2.0,PERMISSIVE,NOT_REVIEWED,d5f1e7b4-c07b-4cb0-84fb-727ebf4a6231,6f3e4fb6-feae-413c-9b47-b76dbde6b754,7cae335f-1193-421e-92f1-8802b4243e93
13,@aws-sdk/client-cognito-identity,3.502.0,Direct Dependency,Apache License 2.0,PERMISSIVE,NOT_REVIEWED,9e8a1d0f-6c97-4ab9-9e3c-1335a3c03238,d2b5e71c-d196-45a7-a46c-b8a4dfb7bd29,7cae335f-1193-421e-92f1-8802b4243e93
14,@aws-sdk/client-sso,3.502.0,Transitive Dependency,Apache License 2.0,PERMISSIVE,NOT_REVIEWED,42104a2e-e460-4e06-89d4-7d56462108be,67c9dac6-d09f-465a-972e-a0a7b3df7c20,7cae335f-1193-421e-92f1-8802b4243e93
15,@aws-sdk/client-sso-oidc,3.502.0,Transitive Dependency,Apache License 2.0,PERMISSIVE,NOT_REVIEWED,59e09141-2088-479d-a430-3e7294002783,ee80ec5b-fa39-4bb3-b06a-2b2dc41090bd,7cae335f-1193-421e-92f1-8802b4243e93
16,@aws-sdk/client-sts,3.502.0,Transitive Dependency,Apache License 2.0,PERMISSIVE,NOT_REVIEWED,79ed8a58-50d2-4c40-a709-abb59feec243,0fac3746-5ea6-4166-b92e-af821e1b9be2,7cae335f-1193-421e-92f1-8802b4243e93
17,@aws-sdk/core,3.496.0,Transitive Dependency,Apache License 2.0,PERMISSIVE,NOT_REVIEWED,61354ea9-38db-4d35-8188-ae4dd56f2e2f,1866ee31-fbc4-4eed-a95c-94f42316e833,7cae335f-1193-421e-92f1-8802b4243e93
18,@aws-sdk/credential-provider-cognito-identity,3.502.0,Direct Dependency,Apache License 2.0,PERMISSIVE,NOT_REVIEWED,ddf247dc-6208-410b-9af4-d8f4e46b8709,5f5ff69f-3843-4831-b9b9-fec0ef2fdd92,7cae335f-1193-421e-92f1-8802b4243e93
19,@aws-sdk/credential-provider-env,3.502.0,Transitive Dependency,Apache License 2.0,PERMISSIVE,NOT_REVIEWED,fbcba4a1-9356-4462-aa26-af8feadae0e1,57a0de76-6b62-4a5d-bb3a-108d21fadd2d,7cae335f-1193-421e-92f1-8802b4243e93
20,@aws-sdk/credential-provider-ini,3.502.0,Transitive Dependency,Apache License 2.0,PERMISSIVE,NOT_REVIEWED,8482e4e8-aa79-4a92-af9b-8129e9d81416,5cbe51aa-3798-4dc3-b3e5-dcbfc86a8ded,7cae335f-1193-421e-92f1-8802b4243e93
21,@aws-sdk/credential-provider-node,3.502.0,Transitive Dependency,Apache License 2.0,PERMISSIVE,NOT_REVIEWED,dd31be6a-7623-4f8f-a508-a75804ce66e0,df88ce5c-4c80-4b55-a62d-b39f5d15d174,7cae335f-1193-421e-92f1-8802b4243e93
22,@aws-sdk/credential-provider-process,3.502.0,Transitive Dependency,Apache License 2.0,PERMISSIVE,NOT_REVIEWED,89449ae0-289a-42aa-93c2-41b1ad6af91d,567b6e53-c77a-43cb-a656-d7683806c6dc,7cae335f-1193-421e-92f1-8802b4243e93
23,@aws-sdk/credential-provider-sso,3.502.0,Transitive Dependency,Apache License 2.0,PERMISSIVE,NOT_REVIEWED,723d7b0c-62d2-4850-a40f-0798376c5582,414182ca-f942-4d19-abfc-27d780c32f74,7cae335f-1193-421e-92f1-8802b4243e93
24,@aws-sdk/credential-provider-web-identity,3.502.0,Transitive Dependency,Apache License 2.0,PERMISSIVE,NOT_REVIEWED,c72899c3-b1a4-42ca-83c5-c1d6c7c4a32f,a5cd3fa6-5280-4ce2-974a-62bb8ba53744,7cae335f-1193-421e-92f1-8802b4243e93
25,@aws-sdk/middleware-host-header,3.502.0,Transitive Dependency,Apache License 2.0,PERMISSIVE,NOT_REVIEWED,d48f4203-52de-4495-8fcf-39802d77ceae,1463b936-f3f0-42b7-bd1b-b2a8866898bb,7cae335f-1193-421e-92f1-8802b4243e93
26,@aws-sdk/middleware-logger,3.502.0,Transitive Dependency,Apache License 2.0,PERMISSIVE,NOT_REVIEWED,0e67fc7a-c2eb-47f7-80c6-5a5b49347723,6d36de82-f8a6-4251-a70d-2543c15a194d,7cae335f-1193-421e-92f1-8802b4243e93
27,@aws-sdk/middleware-recursion-detection,3.502.0,Transitive Dependency,Apache License 2.0,PERMISSIVE,NOT_REVIEWED,88e82e95-a126-413c-8b55-38b7917dea56,227636c9-cebd-4f0d-975d-d39c2be6f4df,7cae335f-1193-421e-92f1-8802b4243e93
28,@aws-sdk/middleware-sdk-s3,3.502.0,Transitive Dependency,Apache License 2.0,PERMISSIVE,NOT_REVIEWED,e5e57437-5e72-4455-8f09-935c9d91df9d,0b06b225-cced-479a-977f-c7a966775528,7cae335f-1193-421e-92f1-8802b4243e93
29,@aws-sdk/middleware-signing,3.502.0,Transitive Dependency,Apache License 2.0,PERMISSIVE,NOT_REVIEWED,b51f047f-8646-4e77-8516-e412713b9abf,5ce33fc8-3927-4a0c-9a7f-1b3f33f4a8a1,7cae335f-1193-421e-92f1-8802b4243e93
30,@aws-sdk/middleware-user-agent,3.502.0,Transitive Dependency,Apache License 2.0,PERMISSIVE,NOT_REVIEWED,b62db785-e4aa-4afa-9f49-e7c17b4f89bc,29dadd4f-6b59-4db9-97d3-6e1f0bb5700b,7cae335f-1193-421e-92f1-8802b4243e93
31,@aws-sdk/region-config-resolver,3.502.0,Transitive Dependency,Apache License 2.0,PERMISSIVE,NOT_REVIEWED,97342bcd-123c-42b5-99fd-aa74504d1ec1,ba27573a-127f-4576-bf4a-b0a8e43a5673,7cae335f-1193-421e-92f1-8802b4243e93
32,@aws-sdk/s3-request-presigner,3.502.0,Direct Dependency,Apache License 2.0,PERMISSIVE,NOT_REVIEWED,79d1a3f3-6abf-4d28-8604-7cd098f00db7,9fdc8087-130b-419c-8855-8cd478abde14,7cae335f-1193-421e-92f1-8802b4243e93
33,@aws-sdk/signature-v4-multi-region,3.502.0,Transitive Dependency,Apache License 2.0,PERMISSIVE,NOT_REVIEWED,ecac8a6d-2133-4dc6-a299-7be607e72ccf,86133fb7-9b85-4ffc-ad94-f93053e9d3e3,7cae335f-1193-421e-92f1-8802b4243e93
34,@aws-sdk/token-providers,3.502.0,Transitive Dependency,Apache License 2.0,PERMISSIVE,NOT_REVIEWED,7c9db235-ac77-4ae4-ac98-c42c7a9f979d,83cf49d8-f94c-4942-894b-27a7be341f6a,7cae335f-1193-421e-92f1-8802b4243e93
35,@aws-sdk/types,3.502.0,Transitive Dependency,Apache License 2.0,PERMISSIVE,NOT_REVIEWED,a69389a3-6686-4bdf-bf3d-73a236bed513,e9ff19d6-4a82-43ac-9cb8-6e9abbc96f00,7cae335f-1193-421e-92f1-8802b4243e93
36,@aws-sdk/util-arn-parser,3.495.0,Transitive Dependency,Apache License 2.0,PERMISSIVE,NOT_REVIEWED,6b57f01a-cfe9-4ea3-a54b-80775f175fe3,ae591a56-2d46-4f2d-873e-f4abb69b888d,7cae335f-1193-421e-92f1-8802b4243e93
37,@aws-sdk/util-arn-parser,3.568.0,Transitive Dependency,Apache License 2.0,PERMISSIVE,NOT_REVIEWED,6b57f01a-cfe9-4ea3-a54b-80775f175fe3,6268be17-bcba-4e99-ae35-a6931430e730,7cae335f-1193-421e-92f1-8802b4243e93
38,@aws-sdk/util-endpoints,3.502.0,Transitive Dependency,Apache License 2.0,PERMISSIVE,NOT_REVIEWED,ba5bf7ec-b6b7-4674-a150-0f40f40d28a7,1ffbc7c4-e955-4c18-9df9-640416a99458,7cae335f-1193-421e-92f1-8802b4243e93
39,@aws-sdk/util-format-url,3.502.0,Transitive Dependency,Apache License 2.0,PERMISSIVE,NOT_REVIEWED,84123d35-e705-4f6c-8592-f8f8d162c511,c035aca2-71fc-4764-bc13-8932f5d9552f,7cae335f-1193-421e-92f1-8802b4243e93
40,@aws-sdk/util-locate-window,3.495.0,Transitive Dependency,Apache License 2.0,PERMISSIVE,NOT_REVIEWED,76c243dc-dd9a-4cc6-875d-bcc93e5157a2,71fde3b5-1421-4750-bea6-ac6e805da2a1,7cae335f-1193-421e-92f1-8802b4243e93
41,@aws-sdk/util-user-agent-browser,3.502.0,Transitive Dependency,Apache License 2.0,PERMISSIVE,NOT_REVIEWED,bfb1899d-ffc8-482f-8f45-63864f09b15d,d0faa6a9-3173-4402-a733-e5dab7484eab,7cae335f-1193-421e-92f1-8802b4243e93
42,@aws-sdk/util-user-agent-node,3.502.0,Transitive Dependency,Apache License 2.0,PERMISSIVE,NOT_REVIEWED,e2c21cd0-8c1e-4dab-9327-23b1d45f7244,88233e0d-11ee-4c4f-a756-5b455624775e,7cae335f-1193-421e-92f1-8802b4243e93
43,@aws-sdk/util-utf8-browser,3.259.0,Transitive Dependency,Apache License 2.0,PERMISSIVE,NOT_REVIEWED,17ad2bff-f2bd-40fa-bef5-6c8891de2daf,87da79f9-19eb-44f4-aa0b-03496586500e,7cae335f-1193-421e-92f1-8802b4243e93
44,@babel/code-frame,7.23.5,Transitive Dependency,MIT License,PERMISSIVE,NOT_REVIEWED,e0589241-4783-48f7-843a-ba6d4fd3a225,68397e03-d9cb-4ee5-8dd7-4b859fdb6bc8,ad705c59-6893-4980-bdbf-0837f1823cc4
45,@babel/helper-module-imports,7.22.15,Transitive Dependency,MIT License,PERMISSIVE,NOT_REVIEWED,92d9424a-1e05-4392-858a-46df98d9e5ed,92228ef2-5678-4d54-b0f5-f104cb1dd33a,ad705c59-6893-4980-bdbf-0837f1823cc4
46,@babel/helper-string-parser,7.23.4,Transitive Dependency,MIT License,PERMISSIVE,NOT_REVIEWED,a086946a-7f59-4da1-bfa2-237e40f181ca,42388656-903a-4c12-80c1-7ffbe23c161f,ad705c59-6893-4980-bdbf-0837f1823cc4
47,@babel/helper-validator-identifier,7.22.20,Transitive Dependency,MIT License,PERMISSIVE,NOT_REVIEWED,b8d2249f-f9ca-4eee-824f-4539d37faf9c,00585658-a51c-408d-8e51-2133fd9ddab3,ad705c59-6893-4980-bdbf-0837f1823cc4
48,@babel/highlight,7.23.4,Transitive Dependency,MIT License,PERMISSIVE,NOT_REVIEWED,45df1b38-bb9d-49e1-beaf-9c4230aef754,9f8b0084-8927-4d36-aa4a-03e0c6517487,ad705c59-6893-4980-bdbf-0837f1823cc4
49,@babel/runtime,7.24.5,Transitive Dependency,MIT License,PERMISSIVE,NOT_REVIEWED,ad5ac329-c2d6-4956-b653-ba22ca55f04b,685da8f7-6013-4499-b0c6-9e76ae584527,ad705c59-6893-4980-bdbf-0837f1823cc4
50,@babel/types,7.23.9,Transitive Dependency,MIT License,PERMISSIVE,NOT_REVIEWED,683f96e4-f1c9-4ca0-b1c8-0c2608b2ebf2,ed703f0c-d52e-4af2-a95d-b0f900d5771b,ad705c59-6893-4980-bdbf-0837f1823cc4
51,@emotion/babel-plugin,11.11.0,Transitive Dependency,MIT License,PERMISSIVE,NOT_REVIEWED,3a85db1e-2fd8-4fce-926f-03d59c42c010,0731655d-0cc4-4394-986c-4a17eb69ff83,ad705c59-6893-4980-bdbf-0837f1823cc4
52,@emotion/cache,11.11.0,Transitive Dependency,MIT License,PERMISSIVE,NOT_REVIEWED,4486d143-5cd9-4d32-ba97-04431fd5bb41,b2b9d56e-5bfc-42e4-ace3-22f8c18f3797,ad705c59-6893-4980-bdbf-0837f1823cc4
53,@emotion/hash,0.9.1,Transitive Dependency,MIT License,PERMISSIVE,NOT_REVIEWED,522bc421-be1b-4525-9083-6384844b09e5,39442f45-43bf-42b8-82bb-4b5d91b7574b,ad705c59-6893-4980-bdbf-0837f1823cc4
54,@emotion/is-prop-valid,1.2.1,Transitive Dependency,MIT License,PERMISSIVE,NOT_REVIEWED,43cee7c8-1aa6-49e5-909c-da3698e57161,ef7d6859-8a2a-44ab-ad2a-f966020c009e,ad705c59-6893-4980-bdbf-0837f1823cc4
55,@emotion/memoize,0.8.1,Transitive Dependency,MIT License,PERMISSIVE,NOT_REVIEWED,09e6f9e7-14ee-4027-b9f4-1427656a65da,5da1bc2d-d37c-45d6-8929-a3bd4164c8ad,ad705c59-6893-4980-bdbf-0837f1823cc4
56,@emotion/react,11.11.3,Direct Dependency,MIT License,PERMISSIVE,NOT_REVIEWED,4f556bee-bf9e-4a2b-97d1-acea2b9b3132,1d8bc372-142e-414e-8a85-ac3a99daef8e,ad705c59-6893-4980-bdbf-0837f1823cc4
57,@emotion/serialize,1.1.3,Transitive Dependency,MIT License,PERMISSIVE,NOT_REVIEWED,513fb478-bc4f-4144-8e2c-7448b89ae730,eb055d8d-1a31-4a12-ba98-38ede7e081e6,ad705c59-6893-4980-bdbf-0837f1823cc4
58,@emotion/sheet,1.2.2,Transitive Dependency,MIT License,PERMISSIVE,NOT_REVIEWED,29af5a1b-a44c-4f83-a328-a86fd00c9e5a,8c601564-9497-4a2e-9e8c-8d89d07fb2e6,ad705c59-6893-4980-bdbf-0837f1823cc4
59,@emotion/styled,11.11.0,Direct Dependency,MIT License,PERMISSIVE,NOT_REVIEWED,8ec9f12f-a731-44b9-b46f-7eda4e7da449,3e58d993-5421-4c7c-ac59-5448933035cc,ad705c59-6893-4980-bdbf-0837f1823cc4
60,@emotion/unitless,0.8.1,Transitive Dependency,MIT License,PERMISSIVE,NOT_REVIEWED,a1607b4a-cadd-4fc8-a19d-4b6d36058af2,fabe1aab-b6e8-4b5b-b17b-fd871f01fc74,ad705c59-6893-4980-bdbf-0837f1823cc4
61,@emotion/use-insertion-effect-with-fallbacks,1.0.1,Transitive Dependency,MIT License,PERMISSIVE,NOT_REVIEWED,db81b4ff-be44-407e-a935-bedef8ba27bd,e518d4d5-0125-434c-b32e-e596283299bc,ad705c59-6893-4980-bdbf-0837f1823cc4
62,@emotion/utils,1.2.1,Transitive Dependency,MIT License,PERMISSIVE,NOT_REVIEWED,4c780a12-3e75-47d3-b0f6-c51ddc619b00,d70c4091-f45f-4f3f-bff0-d51ef32cda94,ad705c59-6893-4980-bdbf-0837f1823cc4
63,@emotion/weak-memoize,0.3.1,Transitive Dependency,MIT License,PERMISSIVE,NOT_REVIEWED,ac66239c-0ede-4fbe-88fc-9ce0c4867a40,a71a310a-5568-4b08-924b-7764e760a213,ad705c59-6893-4980-bdbf-0837f1823cc4
64,@floating-ui/core,1.6.0,Transitive Dependency,MIT License,PERMISSIVE,NOT_REVIEWED,1d8d2d3d-27f1-4fc8-af4f-a962fa6f794b,8463a71a-b75b-413b-a79d-48010a83cc23,ad705c59-6893-4980-bdbf-0837f1823cc4
65,@floating-ui/dom,1.6.1,Transitive Dependency,MIT License,PERMISSIVE,NOT_REVIEWED,9026c3d3-e870-4b1d-9031-4781578529e7,92438112-fb05-4111-82db-d58d6f521da6,ad705c59-6893-4980-bdbf-0837f1823cc4
66,@floating-ui/react-dom,2.0.8,Transitive Dependency,MIT License,PERMISSIVE,NOT_REVIEWED,7055d767-b120-4ef3-ba87-a320f03909cf,982af479-beff-4d23-a63d-9fff68771b2b,ad705c59-6893-4980-bdbf-0837f1823cc4
67,@floating-ui/utils,0.2.1,Transitive Dependency,MIT License,PERMISSIVE,NOT_REVIEWED,e943918b-b938-4dc9-8848-88692c7dc207,611f7894-6f56-4e3e-9866-9620f9eb5f82,ad705c59-6893-4980-bdbf-0837f1823cc4
68,@fontsource/roboto,5.0.8,Direct Dependency,Apache License 2.0,PERMISSIVE,NOT_REVIEWED,e8a5baf9-a01d-4abc-8083-790f2f678210,b203991d-cab4-4312-bdca-18c469dc8e32,7cae335f-1193-421e-92f1-8802b4243e93
69,@monaco-editor/loader,1.4.0,Transitive Dependency,MIT License,PERMISSIVE,NOT_REVIEWED,8e242a50-66c7-472c-9130-675e49d21d88,85e89370-0940-417e-b63d-16f2d929f2e2,ad705c59-6893-4980-bdbf-0837f1823cc4
70,@monaco-editor/react,4.6.0,Direct Dependency,MIT License,PERMISSIVE,NOT_REVIEWED,24f4336a-8774-40ff-bde4-ab57f3358a5a,9cdee12f-4a79-4796-b619-6a2861ed2d08,ad705c59-6893-4980-bdbf-0837f1823cc4
71,@mui/base,5.0.0-beta.33,Transitive Dependency,MIT License,PERMISSIVE,NOT_REVIEWED,efb802c2-ebef-4e67-a18c-e6296a0431d6,ce0f5b90-4c25-413a-b9ca-f5cffd377de0,ad705c59-6893-4980-bdbf-0837f1823cc4
72,@mui/base,5.0.0-beta.40,Transitive Dependency,MIT License,PERMISSIVE,NOT_REVIEWED,efb802c2-ebef-4e67-a18c-e6296a0431d6,2ceed79a-a14f-4401-8ef5-dae4e7eaeb93,ad705c59-6893-4980-bdbf-0837f1823cc4
73,@mui/icons-material,5.15.6,Direct Dependency,MIT License,PERMISSIVE,NOT_REVIEWED,3d24052d-ae8e-4839-b449-bd8c66590c8f,fa985105-d1ce-45aa-bee1-f621e86899a8,ad705c59-6893-4980-bdbf-0837f1823cc4
74,@mui/lab,5.0.0-alpha.162,Direct Dependency,MIT License,PERMISSIVE,NOT_REVIEWED,aa2334a2-3ead-4d9b-95a6-5274d7312f08,5a7e0aed-8817-468e-9929-64516a277ad2,ad705c59-6893-4980-bdbf-0837f1823cc4
75,@mui/styled-engine,5.15.14,Transitive Dependency,MIT License,PERMISSIVE,NOT_REVIEWED,1783aeb3-5d77-40f9-90dd-7a2f30e51495,ae078e92-a7b5-4f31-bfc2-5616cb42807a,ad705c59-6893-4980-bdbf-0837f1823cc4
76,@mui/types,7.2.14,Transitive Dependency,MIT License,PERMISSIVE,NOT_REVIEWED,cee979c1-4489-450d-9e1a-fbd0ea0e3e7f,952b1a86-96d1-4a5b-8272-1e78f65b2294,ad705c59-6893-4980-bdbf-0837f1823cc4
77,@mui/x-charts,6.19.3,Direct Dependency,MIT License,PERMISSIVE,NOT_REVIEWED,69d9b3b5-c7a5-40a6-9629-f751315d264d,cf827825-02f6-42b4-915f-7fc3857555d9,ad705c59-6893-4980-bdbf-0837f1823cc4
78,@mui/x-data-grid,6.19.3,Direct Dependency,MIT License,PERMISSIVE,NOT_REVIEWED,d81e0d24-dc13-4e63-8f39-1aec97a47905,daf20918-bb7a-48a3-ad30-8c96ec13f9fa,ad705c59-6893-4980-bdbf-0837f1823cc4
79,@popperjs/core,2.11.8,Transitive Dependency,MIT License,PERMISSIVE,NOT_REVIEWED,838ae734-e6bb-43be-850c-7d79f29c18fa,29eaae01-5299-4195-a140-4eb6c4e7bb2e,ad705c59-6893-4980-bdbf-0837f1823cc4
80,@react-spring/animated,9.7.3,Transitive Dependency,MIT License,PERMISSIVE,NOT_REVIEWED,f37019e2-cf98-4d46-b29c-ba3e68491353,3abc79d7-55ed-46c3-9911-3408215aa0da,ad705c59-6893-4980-bdbf-0837f1823cc4
81,@react-spring/core,9.7.3,Transitive Dependency,MIT License,PERMISSIVE,NOT_REVIEWED,3fbe4718-6256-4706-ad9d-fffb1792842a,3c16c3df-f1ca-49b5-aa18-3427986d1f85,ad705c59-6893-4980-bdbf-0837f1823cc4
82,@react-spring/rafz,9.7.3,Transitive Dependency,MIT License,PERMISSIVE,NOT_REVIEWED,902acb05-f476-4b00-92b2-a92e6d14d916,a193c369-938a-4ae0-9daf-779d40980dfd,ad705c59-6893-4980-bdbf-0837f1823cc4
83,@react-spring/shared,9.7.3,Transitive Dependency,MIT License,PERMISSIVE,NOT_REVIEWED,fa7130d3-2ff5-402a-986d-f62c6c4b0e1d,66400efe-2378-481d-984f-ea00a7829072,ad705c59-6893-4980-bdbf-0837f1823cc4
84,@react-spring/types,9.7.3,Transitive Dependency,MIT License,PERMISSIVE,NOT_REVIEWED,c9857608-66f5-49b4-87db-35d422f7ef5f,4c00abdb-5a7e-4495-a193-6859b0983548,ad705c59-6893-4980-bdbf-0837f1823cc4
85,@react-spring/web,9.7.3,Transitive Dependency,MIT License,PERMISSIVE,NOT_REVIEWED,7d345222-8e0c-4d36-8fd3-f4b56a95d669,0f1a07b7-b4d6-4a55-ad62-8df348003062,ad705c59-6893-4980-bdbf-0837f1823cc4
86,@reactflow/background,11.3.8,Transitive Dependency,MIT License,PERMISSIVE,NOT_REVIEWED,ec3e2a70-0f70-4bdc-8c0e-0b095f395957,cabaa2b3-6e15-45c5-96ce-8dfab1aab6ff,ad705c59-6893-4980-bdbf-0837f1823cc4
87,@reactflow/controls,11.2.8,Transitive Dependency,MIT License,PERMISSIVE,NOT_REVIEWED,70635e96-9ebc-43f1-acb3-d501901f393b,23429870-7f7c-406a-9b13-36d1f96a6480,ad705c59-6893-4980-bdbf-0837f1823cc4
88,@reactflow/core,11.10.3,Transitive Dependency,MIT License,PERMISSIVE,NOT_REVIEWED,3f93c8b9-57cc-4de8-9ee3-4d459c4e7f5e,b0904e68-3194-4977-8074-ea5a89e89b45,ad705c59-6893-4980-bdbf-0837f1823cc4
89,@reactflow/minimap,11.7.8,Transitive Dependency,MIT License,PERMISSIVE,NOT_REVIEWED,4c40ba24-f2bf-49fd-85ad-5a8890b07729,9abb6c8a-e3a9-44c0-9555-00cc42b93cbb,ad705c59-6893-4980-bdbf-0837f1823cc4
90,@reactflow/node-resizer,2.2.8,Transitive Dependency,MIT License,PERMISSIVE,NOT_REVIEWED,876ff76f-e98c-48e9-bb49-dac774692950,f452e303-f522-433f-a5d9-e1cdb6de0f9f,ad705c59-6893-4980-bdbf-0837f1823cc4
91,@reactflow/node-toolbar,1.3.8,Transitive Dependency,MIT License,PERMISSIVE,NOT_REVIEWED,f8c9f0f1-5487-4d53-b898-0b2342dfcad5,0273f120-0130-4cc7-8dc8-558275018a8f,ad705c59-6893-4980-bdbf-0837f1823cc4
92,@smithy/abort-controller,2.1.1,Transitive Dependency,Apache License 2.0,PERMISSIVE,NOT_REVIEWED,b42cb7c7-4fc3-4c5b-89fb-d7109561b0aa,3025c3f1-71cc-4799-b6d0-1b7cdb1074f7,7cae335f-1193-421e-92f1-8802b4243e93
93,@smithy/chunked-blob-reader,3.0.0,Transitive Dependency,Unknown License,UNKNOWN,NOT_REVIEWED,b73b95de-6dd1-44b1-90e6-ed94ceeb0968,63ce87c7-a0f9-4b0a-aaf9-0f589666de69,00000000-0010-0000-0000-000000000000
94,@smithy/chunked-blob-reader-native,3.0.0,Transitive Dependency,Unknown License,UNKNOWN,NOT_REVIEWED,c4fd641f-ffe2-4dfc-8af5-99b5f9b5d17b,59c21380-ee14-4d42-a0f9-b6f047e07aa8,00000000-0010-0000-0000-000000000000
95,@smithy/config-resolver,2.1.1,Transitive Dependency,Apache License 2.0,PERMISSIVE,NOT_REVIEWED,fb9aad3a-d310-4766-b47b-43be79b7630b,a548eb91-d30d-4f1e-9493-2b2e1f4a2bdb,7cae335f-1193-421e-92f1-8802b4243e93
96,@smithy/core,1.3.1,Transitive Dependency,Apache License 2.0,PERMISSIVE,NOT_REVIEWED,075ebd2b-8f43-42a9-9f05-558663016b0c,41811678-775e-42ff-8366-93237f60d646,7cae335f-1193-421e-92f1-8802b4243e93
97,@smithy/credential-provider-imds,2.2.1,Transitive Dependency,Apache License 2.0,PERMISSIVE,NOT_REVIEWED,93efbb2d-0c4f-4abd-9bd2-87cc6709df4d,6814fc27-9eb1-412b-9a09-d22e87229761,7cae335f-1193-421e-92f1-8802b4243e93
98,@smithy/eventstream-codec,2.1.1,Transitive Dependency,Apache License 2.0,PERMISSIVE,NOT_REVIEWED,1483349b-0b7a-4eb8-b3e2-670651843279,7fc5110e-d73d-4ea2-8033-59dd94bb058c,7cae335f-1193-421e-92f1-8802b4243e93
99,@smithy/fetch-http-handler,2.4.1,Transitive Dependency,Apache License 2.0,PERMISSIVE,NOT_REVIEWED,9cbed872-a87a-443e-82b9-361d7b8a9af5,0bdbea7e-56c7-4e33-b4c0-84dd88765c2c,7cae335f-1193-421e-92f1-8802b4243e93
100,@smithy/hash-node,2.1.1,Transitive Dependency,Apache License 2.0,PERMISSIVE,NOT_REVIEWED,96d446df-4a5b-4cf5-ac6b-db8ab7157f41,f49cd64f-58b2-4240-9ac9-b09a99f2380e,7cae335f-1193-421e-92f1-8802b4243e93
101,@smithy/invalid-dependency,2.1.1,Transitive Dependency,Apache License 2.0,PERMISSIVE,NOT_REVIEWED,9d2f4dd7-2c32-46dd-b142-87a8d9e63316,adb624d0-264d-4a82-8024-34346caf0d90,7cae335f-1193-421e-92f1-8802b4243e93
102,@smithy/is-array-buffer,2.1.1,Transitive Dependency,Apache License 2.0,PERMISSIVE,NOT_REVIEWED,57661d5d-ecff-46b2-b461-f427e627c345,4f347e4a-592c-4ac8-85e9-044dd17bdeee,7cae335f-1193-421e-92f1-8802b4243e93
103,@smithy/is-array-buffer,3.0.0,Transitive Dependency,Unknown License,UNKNOWN,NOT_REVIEWED,57661d5d-ecff-46b2-b461-f427e627c345,3f7127f8-bca8-4d69-9973-f70bf10e82d5,00000000-0010-0000-0000-000000000000
104,@smithy/middleware-content-length,2.1.1,Transitive Dependency,Apache License 2.0,PERMISSIVE,NOT_REVIEWED,cb159cf1-f776-4bbb-8224-ec28b6da2938,ea05b1eb-9969-40a2-aacb-9414d4ddcb33,7cae335f-1193-421e-92f1-8802b4243e93
105,@smithy/middleware-endpoint,2.4.1,Transitive Dependency,Apache License 2.0,PERMISSIVE,NOT_REVIEWED,bff57a92-0a0a-4435-b20c-02e4f868448c,e0dc4414-fcf7-423b-a053-6287ec37e23c,7cae335f-1193-421e-92f1-8802b4243e93
106,@smithy/middleware-retry,2.1.1,Transitive Dependency,Apache License 2.0,PERMISSIVE,NOT_REVIEWED,049c19ae-a1c4-4923-b272-4b88a5075f41,25d89bc1-807f-4817-9bd9-361bed403e64,7cae335f-1193-421e-92f1-8802b4243e93
107,@smithy/middleware-serde,2.1.1,Transitive Dependency,Apache License 2.0,PERMISSIVE,NOT_REVIEWED,2b9ee136-e820-49cf-a117-0e61905f7d08,267c42d9-c517-44cb-a89e-019caa62b4a0,7cae335f-1193-421e-92f1-8802b4243e93
108,@smithy/middleware-stack,2.1.1,Transitive Dependency,Apache License 2.0,PERMISSIVE,NOT_REVIEWED,af6c36ad-ba40-466a-aaea-ed2b71f5887d,65281af0-7f39-40f5-9ef7-f58563bedecf,7cae335f-1193-421e-92f1-8802b4243e93
109,@smithy/node-config-provider,2.2.1,Transitive Dependency,Apache License 2.0,PERMISSIVE,NOT_REVIEWED,90f37131-5a76-4616-be48-b69d5d352579,31c90857-bc69-42ff-8abf-e019a4b7ade3,7cae335f-1193-421e-92f1-8802b4243e93
110,@smithy/node-http-handler,2.3.1,Transitive Dependency,Apache License 2.0,PERMISSIVE,NOT_REVIEWED,57f366a1-b8bf-4f4d-95d4-97b9ab489dcb,20b4c069-e91f-460c-8cec-f57f50f5d0a0,7cae335f-1193-421e-92f1-8802b4243e93
111,@smithy/property-provider,2.1.1,Transitive Dependency,Apache License 2.0,PERMISSIVE,NOT_REVIEWED,f7a6b942-8694-4ab6-96a9-d2247b1d615b,63ee5771-e78c-4d0a-a0f8-86bda6973dde,7cae335f-1193-421e-92f1-8802b4243e93
112,@smithy/protocol-http,3.1.1,Transitive Dependency,Apache License 2.0,PERMISSIVE,NOT_REVIEWED,ca488843-6784-4c8d-95aa-364b8cabb1ed,0ff47bad-9e13-4979-b941-c15900c52008,7cae335f-1193-421e-92f1-8802b4243e93
113,@smithy/querystring-builder,2.1.1,Transitive Dependency,Apache License 2.0,PERMISSIVE,NOT_REVIEWED,af5af5ae-a394-440b-a3cb-d015867bf299,c47d2ef7-e38e-418d-a7a0-1697b2a27c9a,7cae335f-1193-421e-92f1-8802b4243e93
114,@smithy/querystring-parser,2.1.1,Transitive Dependency,Apache License 2.0,PERMISSIVE,NOT_REVIEWED,ef62739d-2c27-43db-84da-9ea2cba863ef,7ffe0b6d-6d2a-4806-92b4-0486ddb5bc79,7cae335f-1193-421e-92f1-8802b4243e93
115,@smithy/service-error-classification,2.1.1,Transitive Dependency,Apache License 2.0,PERMISSIVE,NOT_REVIEWED,8bfa7d01-fbc0-469f-8848-b1619d091e7c,469bb14f-90eb-4c02-9a01-cc77e0d00d33,7cae335f-1193-421e-92f1-8802b4243e93
116,@smithy/shared-ini-file-loader,2.3.1,Transitive Dependency,Apache License 2.0,PERMISSIVE,NOT_REVIEWED,15970926-a8aa-457e-a666-ed067da8add9,d9531141-e3ce-4693-a6b2-8373b089a0da,7cae335f-1193-421e-92f1-8802b4243e93
117,@smithy/signature-v4,2.1.1,Transitive Dependency,Apache License 2.0,PERMISSIVE,NOT_REVIEWED,3b38de73-1f43-42d7-8b51-f6deb789e238,3fd535fc-5ddd-47ec-8d66-28c09317f10d,7cae335f-1193-421e-92f1-8802b4243e93
118,@smithy/smithy-client,2.3.1,Transitive Dependency,Apache License 2.0,PERMISSIVE,NOT_REVIEWED,4fa7f43a-69e8-4760-bab1-9681edd3d23c,dc2966c3-f4b8-4783-8677-ede225cd0e1d,7cae335f-1193-421e-92f1-8802b4243e93
119,@smithy/types,2.9.1,Transitive Dependency,Apache License 2.0,PERMISSIVE,NOT_REVIEWED,45a68245-9dab-428c-bb9a-0fefbbd303ab,627ea8b6-0aa3-42c6-a280-53bebbaa1474,7cae335f-1193-421e-92f1-8802b4243e93
120,@smithy/url-parser,2.1.1,Transitive Dependency,Apache License 2.0,PERMISSIVE,NOT_REVIEWED,f45e5ff2-3009-4893-840e-cd1ea594efc0,6577ee6b-aea7-4744-b959-e09406752651,7cae335f-1193-421e-92f1-8802b4243e93
121,@smithy/util-base64,2.1.1,Transitive Dependency,Apache License 2.0,PERMISSIVE,NOT_REVIEWED,b437b0ba-5c95-4166-bb82-b15dca47975d,6ade6e20-5d88-49f1-8995-fdbce85e5087,7cae335f-1193-421e-92f1-8802b4243e93
122,@smithy/util-base64,3.0.0,Transitive Dependency,Unknown License,UNKNOWN,NOT_REVIEWED,b437b0ba-5c95-4166-bb82-b15dca47975d,8a833648-b650-48f1-a3cd-6480c352ad93,00000000-0010-0000-0000-000000000000
123,@smithy/util-body-length-browser,2.1.1,Transitive Dependency,Apache License 2.0,PERMISSIVE,NOT_REVIEWED,a5fe69a5-4782-4349-9187-f46bf5ab963a,4632dbc8-1bba-47d1-a9e3-ed59655a589a,7cae335f-1193-421e-92f1-8802b4243e93
124,@smithy/util-body-length-browser,3.0.0,Transitive Dependency,Unknown License,UNKNOWN,NOT_REVIEWED,a5fe69a5-4782-4349-9187-f46bf5ab963a,f90f0b1b-ceae-4fd0-a413-bf3ff8750515,00000000-0010-0000-0000-000000000000
125,@smithy/util-body-length-node,2.2.1,Transitive Dependency,Apache License 2.0,PERMISSIVE,NOT_REVIEWED,c99e6feb-975b-4914-b80c-897343a71947,f72b64ff-e233-4ffc-b96e-9f5419a81f7b,7cae335f-1193-421e-92f1-8802b4243e93
126,@smithy/util-body-length-node,3.0.0,Transitive Dependency,Unknown License,UNKNOWN,NOT_REVIEWED,c99e6feb-975b-4914-b80c-897343a71947,504b8c50-d987-454b-ac1b-be51878cf3f9,00000000-0010-0000-0000-000000000000
127,@smithy/util-buffer-from,2.1.1,Transitive Dependency,Apache License 2.0,PERMISSIVE,NOT_REVIEWED,193f400a-c148-4090-b76b-e33af7349057,9dc25b42-0682-4e06-928a-d23fbec35986,7cae335f-1193-421e-92f1-8802b4243e93
128,@smithy/util-buffer-from,3.0.0,Transitive Dependency,Unknown License,UNKNOWN,NOT_REVIEWED,193f400a-c148-4090-b76b-e33af7349057,7dd493b5-f5c6-4ace-8ad7-f4f81e6bed92,00000000-0010-0000-0000-000000000000
129,@smithy/util-config-provider,2.2.1,Transitive Dependency,Apache License 2.0,PERMISSIVE,NOT_REVIEWED,7cc98aa6-e62d-4a5c-a78d-f4cabef51a0c,cff3918e-f950-4bea-874c-bcba9f180673,7cae335f-1193-421e-92f1-8802b4243e93
130,@smithy/util-config-provider,3.0.0,Transitive Dependency,Unknown License,UNKNOWN,NOT_REVIEWED,7cc98aa6-e62d-4a5c-a78d-f4cabef51a0c,c9cb0640-7433-462d-a2f5-4d273d8f1350,00000000-0010-0000-0000-000000000000
131,@smithy/util-defaults-mode-browser,2.1.1,Transitive Dependency,Apache License 2.0,PERMISSIVE,NOT_REVIEWED,c8cf7e8a-e16a-465d-b987-1244aad836ce,c6e74886-4912-4f36-b923-91577f2d74f7,7cae335f-1193-421e-92f1-8802b4243e93
132,@smithy/util-defaults-mode-node,2.1.1,Transitive Dependency,Apache License 2.0,PERMISSIVE,NOT_REVIEWED,a1d6d2fd-3c97-4289-a519-0ddedca98dcc,fb786f3a-184b-4ed3-84f0-fe515379082c,7cae335f-1193-421e-92f1-8802b4243e93
133,@smithy/util-endpoints,1.1.1,Transitive Dependency,Apache License 2.0,PERMISSIVE,NOT_REVIEWED,ab8d99ae-3884-4352-a205-9d7f196f7aad,a01501d9-a563-46ae-9d26-d565e3d7d018,7cae335f-1193-421e-92f1-8802b4243e93
134,@smithy/util-hex-encoding,2.1.1,Transitive Dependency,Apache License 2.0,PERMISSIVE,NOT_REVIEWED,0634cbcc-fb17-42e5-a8ff-5abc65de476d,7e4911b9-e31e-4d44-ad38-5fb0a67d5fee,7cae335f-1193-421e-92f1-8802b4243e93
135,@smithy/util-hex-encoding,3.0.0,Transitive Dependency,Unknown License,UNKNOWN,NOT_REVIEWED,0634cbcc-fb17-42e5-a8ff-5abc65de476d,2d7b5500-710d-4367-b541-0cf3280f71c6,00000000-0010-0000-0000-000000000000
136,@smithy/util-middleware,2.1.1,Transitive Dependency,Apache License 2.0,PERMISSIVE,NOT_REVIEWED,d6e1d575-7497-45dc-8a43-51e21b2bd149,7657f5f9-4cfb-448d-8efd-965a22d23f28,7cae335f-1193-421e-92f1-8802b4243e93
137,@smithy/util-retry,2.1.1,Transitive Dependency,Apache License 2.0,PERMISSIVE,NOT_REVIEWED,5f7fe56b-109e-47af-b828-d4aa1aea537c,89df0eb7-2589-4de1-85d3-4332d6cc6034,7cae335f-1193-421e-92f1-8802b4243e93
138,@smithy/util-stream,2.1.1,Transitive Dependency,Apache License 2.0,PERMISSIVE,NOT_REVIEWED,f95df69a-81d6-41bb-8436-a64d4affbc9a,7f41f926-6325-4c64-8a85-75d410acd8e5,7cae335f-1193-421e-92f1-8802b4243e93
139,@smithy/util-uri-escape,2.1.1,Transitive Dependency,Apache License 2.0,PERMISSIVE,NOT_REVIEWED,0e5c21cf-3b0b-4146-96aa-0df0e9909683,077fcbf9-b0fa-476b-9582-833d716bdd61,7cae335f-1193-421e-92f1-8802b4243e93
140,@smithy/util-uri-escape,3.0.0,Transitive Dependency,Unknown License,UNKNOWN,NOT_REVIEWED,0e5c21cf-3b0b-4146-96aa-0df0e9909683,2207f8ed-bfc0-4fb1-bdac-225c2df76fd6,00000000-0010-0000-0000-000000000000
141,@smithy/util-utf8,2.1.1,Transitive Dependency,Apache License 2.0,PERMISSIVE,NOT_REVIEWED,560ef1bf-a64c-4ca7-82a5-9e5a4fc9fbe3,8a992fcd-ae8d-41aa-b199-d370b7035201,7cae335f-1193-421e-92f1-8802b4243e93
142,@smithy/util-utf8,3.0.0,Transitive Dependency,Unknown License,UNKNOWN,NOT_REVIEWED,560ef1bf-a64c-4ca7-82a5-9e5a4fc9fbe3,cac372f9-fc0e-4826-a915-2e8784bf98eb,00000000-0010-0000-0000-000000000000
143,@types/d3,7.4.3,Transitive Dependency,MIT License,PERMISSIVE,NOT_REVIEWED,558b5eb0-da4c-4b92-9d49-16612c0ac14a,428798c1-3061-4d3a-969c-43630d9519fb,ad705c59-6893-4980-bdbf-0837f1823cc4
144,@types/d3-array,3.2.1,Transitive Dependency,MIT License,PERMISSIVE,NOT_REVIEWED,50759715-1171-465c-be1a-db31e7d49aab,cd14dc74-d51d-4d60-95b5-2c89580bd15e,ad705c59-6893-4980-bdbf-0837f1823cc4
145,@types/d3-axis,3.0.6,Transitive Dependency,MIT License,PERMISSIVE,NOT_REVIEWED,6c2f60ee-ddd1-4ba0-86cc-aa218345e9d9,81b2ec45-2873-4fdc-93bc-c96be5e75c70,ad705c59-6893-4980-bdbf-0837f1823cc4
146,@types/d3-brush,3.0.6,Transitive Dependency,MIT License,PERMISSIVE,NOT_REVIEWED,dfc21429-6ef8-4154-94d7-8a20ce26b270,899a5a86-65b8-4059-9c81-c62aec27e054,ad705c59-6893-4980-bdbf-0837f1823cc4
147,@types/d3-chord,3.0.6,Transitive Dependency,MIT License,PERMISSIVE,NOT_REVIEWED,758f1d12-68b4-4d13-9173-7f0e7ac131ec,07c43341-b833-41ad-baec-775e836951f3,ad705c59-6893-4980-bdbf-0837f1823cc4
148,@types/d3-color,1.4.5,Transitive Dependency,MIT License,PERMISSIVE,NOT_REVIEWED,98bcc80c-0598-41bb-bb9d-dc0023d0d32e,321028bb-c175-4a7c-8430-5e7e1589e584,ad705c59-6893-4980-bdbf-0837f1823cc4
149,@types/d3-contour,3.0.6,Transitive Dependency,MIT License,PERMISSIVE,NOT_REVIEWED,3a7abb9c-3e1e-4123-bdc6-690e802c9c69,5a7654ec-b7c2-42a5-a19a-88a96df75a3c,ad705c59-6893-4980-bdbf-0837f1823cc4
150,@types/d3-delaunay,6.0.4,Transitive Dependency,MIT License,PERMISSIVE,NOT_REVIEWED,3a30a839-2620-49ff-972a-84d03279c9b3,d697c463-a548-4f32-a544-045240b4b817,ad705c59-6893-4980-bdbf-0837f1823cc4
151,@types/d3-dispatch,3.0.6,Transitive Dependency,MIT License,PERMISSIVE,NOT_REVIEWED,4c211a0b-8318-4069-bf87-b3f165cd52a5,248396b3-5e7c-4701-8df6-157fbf467e7a,ad705c59-6893-4980-bdbf-0837f1823cc4
152,@types/d3-drag,3.0.7,Transitive Dependency,MIT License,PERMISSIVE,NOT_REVIEWED,9dad997f-2770-4594-a53b-e232467a55e0,bf57aebe-ac72-457a-91b9-a3201752d412,ad705c59-6893-4980-bdbf-0837f1823cc4
153,@types/d3-dsv,3.0.7,Transitive Dependency,MIT License,PERMISSIVE,NOT_REVIEWED,e0116563-3124-41a5-8689-b2212d364e19,952d68ad-36f2-47ce-8b56-4cbb3dda8275,ad705c59-6893-4980-bdbf-0837f1823cc4
154,@types/d3-ease,3.0.2,Transitive Dependency,MIT License,PERMISSIVE,NOT_REVIEWED,f9a3e1f3-869d-49fb-82fc-e9c784e5e0f1,1e077611-b814-48a0-aff4-646ae4365027,ad705c59-6893-4980-bdbf-0837f1823cc4
155,@types/d3-fetch,3.0.7,Transitive Dependency,MIT License,PERMISSIVE,NOT_REVIEWED,e496cf6f-0c60-4968-a339-114f84ae6368,8b45d986-6944-4132-a190-9d83739fb27d,ad705c59-6893-4980-bdbf-0837f1823cc4
156,@types/d3-force,3.0.9,Transitive Dependency,MIT License,PERMISSIVE,NOT_REVIEWED,c48a66e7-85c5-4d6d-967b-48a6377806c7,321bb408-d3a3-4450-8b65-e571131e6ae4,ad705c59-6893-4980-bdbf-0837f1823cc4
157,@types/d3-format,3.0.4,Transitive Dependency,MIT License,PERMISSIVE,NOT_REVIEWED,b8b6df3f-3246-456e-bc63-d676fd1adc8f,c8895156-ac7a-43ec-a620-38b7d7d4f603,ad705c59-6893-4980-bdbf-0837f1823cc4
158,@types/d3-geo,3.1.0,Transitive Dependency,MIT License,PERMISSIVE,NOT_REVIEWED,c65aa5cd-e504-40f7-8342-56daed851a6c,7873c6a6-821c-4288-b513-e06ca43c0a19,ad705c59-6893-4980-bdbf-0837f1823cc4
159,@types/d3-hierarchy,1.1.11,Transitive Dependency,MIT License,PERMISSIVE,NOT_REVIEWED,e1fdc0b5-53a8-44d7-a6a4-ed0141c2238d,0a3f3aa2-d3ab-4fa1-bc3d-08a54b21a9a4,ad705c59-6893-4980-bdbf-0837f1823cc4
160,@types/d3-interpolate,1.4.5,Transitive Dependency,MIT License,PERMISSIVE,NOT_REVIEWED,ac37db1e-6f8f-4b08-aa4d-21583135aec0,e22ec5e8-fcd7-49bc-98c4-ff190ffa02fe,ad705c59-6893-4980-bdbf-0837f1823cc4
161,@types/d3-interpolate,3.0.4,Transitive Dependency,MIT License,PERMISSIVE,NOT_REVIEWED,ac37db1e-6f8f-4b08-aa4d-21583135aec0,43a312f8-703c-4ed8-99cb-4c3becc967ee,ad705c59-6893-4980-bdbf-0837f1823cc4
162,@types/d3-path,1.0.11,Transitive Dependency,MIT License,PERMISSIVE,NOT_REVIEWED,e09dfd74-4efa-459f-bca2-ec7fb2682261,f8a5dc47-77bf-4381-b80c-b3de9785f031,ad705c59-6893-4980-bdbf-0837f1823cc4
163,@types/d3-polygon,3.0.2,Transitive Dependency,MIT License,PERMISSIVE,NOT_REVIEWED,0a76bac8-a6f5-4daa-998b-d9e4345934b9,76c90c22-13ae-494b-af76-f58bc660257f,ad705c59-6893-4980-bdbf-0837f1823cc4
164,@types/d3-quadtree,3.0.6,Transitive Dependency,MIT License,PERMISSIVE,NOT_REVIEWED,94fff7f0-8feb-45ef-9fca-9753bda08483,1e600d2c-dc08-483e-a4c0-12baf5c48c2b,ad705c59-6893-4980-bdbf-0837f1823cc4
165,@types/d3-random,3.0.3,Transitive Dependency,MIT License,PERMISSIVE,NOT_REVIEWED,53e1ca9a-06ed-41ad-b920-5ba51f5a3cab,f10d83d6-0270-4179-9b06-b23561b3e904,ad705c59-6893-4980-bdbf-0837f1823cc4
166,@types/d3-scale,4.0.8,Transitive Dependency,MIT License,PERMISSIVE,NOT_REVIEWED,b447b43b-6982-4b46-ad76-54097fadd9e2,cacbb8b5-3cd8-49b4-a808-83a099f6dbad,ad705c59-6893-4980-bdbf-0837f1823cc4
167,@types/d3-scale-chromatic,3.0.3,Transitive Dependency,MIT License,PERMISSIVE,NOT_REVIEWED,18bdd166-6559-4ba0-aebb-473afb0e799b,1b202205-66dc-4819-bd77-6163b4b03c58,ad705c59-6893-4980-bdbf-0837f1823cc4
168,@types/d3-selection,1.4.6,Transitive Dependency,MIT License,PERMISSIVE,NOT_REVIEWED,11b02c32-d1f7-4b42-ab3c-7e3b887e86c2,47768263-5ded-4f86-931e-11b2801a3336,ad705c59-6893-4980-bdbf-0837f1823cc4
169,@types/d3-selection,3.0.10,Transitive Dependency,MIT License,PERMISSIVE,NOT_REVIEWED,11b02c32-d1f7-4b42-ab3c-7e3b887e86c2,b41b5a47-26bd-4252-bd73-4fb2e2510fe4,ad705c59-6893-4980-bdbf-0837f1823cc4
170,@types/d3-shape,1.3.12,Transitive Dependency,MIT License,PERMISSIVE,NOT_REVIEWED,ae18bdba-b911-4396-8448-c984c9ac7d66,b85e94eb-814e-4616-afa8-6950377139f6,ad705c59-6893-4980-bdbf-0837f1823cc4
171,@types/d3-shape,3.1.6,Transitive Dependency,MIT License,PERMISSIVE,NOT_REVIEWED,ae18bdba-b911-4396-8448-c984c9ac7d66,ea7d83d3-8e81-4217-89ed-3c7890a2015b,ad705c59-6893-4980-bdbf-0837f1823cc4
172,@types/d3-time,3.0.3,Transitive Dependency,MIT License,PERMISSIVE,NOT_REVIEWED,29b768d1-687f-463b-95c3-6463daff731d,b1589597-83d8-4145-9521-4d28c7a57544,ad705c59-6893-4980-bdbf-0837f1823cc4
173,@types/d3-time-format,4.0.3,Transitive Dependency,MIT License,PERMISSIVE,NOT_REVIEWED,d3b19448-3a3b-4b84-a70b-17a122cfcda1,34d74113-8862-48ed-9e01-aef050015c73,ad705c59-6893-4980-bdbf-0837f1823cc4
174,@types/d3-timer,3.0.2,Transitive Dependency,MIT License,PERMISSIVE,NOT_REVIEWED,d5fd3a53-b77f-44db-85d9-851600abe3db,ac16a186-7a37-4aa7-a136-a27324254165,ad705c59-6893-4980-bdbf-0837f1823cc4
175,@types/d3-transition,3.0.8,Transitive Dependency,MIT License,PERMISSIVE,NOT_REVIEWED,97310fe8-6fe2-47e9-974e-7aa018efac20,14ddaf13-df16-4113-8d23-452249618b99,ad705c59-6893-4980-bdbf-0837f1823cc4
176,@types/d3-zoom,1.8.7,Transitive Dependency,MIT License,PERMISSIVE,NOT_REVIEWED,6a62ca55-1d61-4285-b408-df530333c8e8,cdc1743d-7162-4215-8d28-13832192bdc7,ad705c59-6893-4980-bdbf-0837f1823cc4
177,@types/d3-zoom,3.0.8,Transitive Dependency,MIT License,PERMISSIVE,NOT_REVIEWED,6a62ca55-1d61-4285-b408-df530333c8e8,b321fb52-c98a-4e61-87b2-0ee86d67afce,ad705c59-6893-4980-bdbf-0837f1823cc4
178,@types/geojson,7946.0.13,Transitive Dependency,MIT License,PERMISSIVE,NOT_REVIEWED,19c70f75-e3f1-41f7-b32a-3f99df24a793,da64a34f-4ad7-44e2-95b6-237c95f9671e,ad705c59-6893-4980-bdbf-0837f1823cc4
179,@types/hast,2.3.9,Transitive Dependency,MIT License,PERMISSIVE,NOT_REVIEWED,ce7ae4ae-0d35-418c-9930-461fc9043a94,c8bb7b71-3394-4fc5-89de-cded16807704,ad705c59-6893-4980-bdbf-0837f1823cc4
180,@types/json-schema,7.0.15,Transitive Dependency,MIT License,PERMISSIVE,NOT_REVIEWED,1fe45528-a509-4be2-ba97-db3455cc8f20,61ce8339-60e1-4f76-912b-67ee7e80a564,ad705c59-6893-4980-bdbf-0837f1823cc4
181,@types/parse-json,4.0.2,Transitive Dependency,MIT License,PERMISSIVE,NOT_REVIEWED,49da749c-896b-4e55-8cdd-9f3c3538c7de,9f17b80d-e812-4841-a28a-a21ff01a095e,ad705c59-6893-4980-bdbf-0837f1823cc4
182,@types/prop-types,15.7.11,Transitive Dependency,MIT License,PERMISSIVE,NOT_REVIEWED,7a23cec4-d23a-461e-a50c-8301044245e7,3bb83e0f-f626-4c1e-a0f4-3c48d5a403b1,ad705c59-6893-4980-bdbf-0837f1823cc4
183,@types/react,18.2.48,Transitive Dependency,MIT License,PERMISSIVE,NOT_REVIEWED,37e4c2d7-b49c-4200-a0f1-fb0fb1dbeef1,97ff2bb8-1433-4612-94bb-407838018a7b,ad705c59-6893-4980-bdbf-0837f1823cc4
184,@types/react-transition-group,4.4.10,Transitive Dependency,MIT License,PERMISSIVE,NOT_REVIEWED,1e5f6e08-a4e2-4b1b-9165-0355bf0eeb9f,cd07cd39-f033-432c-b0e4-20fba9ea575e,ad705c59-6893-4980-bdbf-0837f1823cc4
185,@types/scheduler,0.16.8,Transitive Dependency,MIT License,PERMISSIVE,NOT_REVIEWED,a7c86c11-a2c6-484b-9c6f-68642885c738,5a88d4ed-2193-4e8d-8955-46614926f994,ad705c59-6893-4980-bdbf-0837f1823cc4
186,@types/unist,2.0.10,Transitive Dependency,MIT License,PERMISSIVE,NOT_REVIEWED,8bc4890e-aa1e-479e-9bd7-12d8e8ce1f9e,5ea570ec-f30c-4b2b-94e1-3aa5d24047ba,ad705c59-6893-4980-bdbf-0837f1823cc4
187,@types/uuid,9.0.8,Direct Dependency,MIT License,PERMISSIVE,NOT_REVIEWED,e7282f7a-3dd8-4a89-8aae-e14abd7a65bf,cd647d8e-f8da-4005-9eae-db283f7b8ef8,ad705c59-6893-4980-bdbf-0837f1823cc4
188,Buffer,v5.6.0,Transitive Dependency,MIT License,PERMISSIVE,NOT_REVIEWED,d9f07d06-607d-4a5f-b543-4ae506239722,2ddad41f-8815-4223-ab63-947b089f4960,ad705c59-6893-4980-bdbf-0837f1823cc4
189,Chalk,2.4.2,Transitive Dependency,MIT License,PERMISSIVE,NOT_REVIEWED,a94138ea-5d07-4a9c-8d3a-892f9476a48a,60524cf4-85e0-4be1-a79a-2f3172924722,ad705c59-6893-4980-bdbf-0837f1823cc4
190,Commander.js,7.2.0,Transitive Dependency,MIT License,PERMISSIVE,NOT_REVIEWED,724e6d4a-85c0-47c3-9f28-9b5fc54b369d,723b7b7d-443d-462e-84e2-82c728f8af16,ad705c59-6893-4980-bdbf-0837f1823cc4
191,Commander.js,v2.20.3,Transitive Dependency,MIT License,PERMISSIVE,NOT_REVIEWED,724e6d4a-85c0-47c3-9f28-9b5fc54b369d,5e250664-dc79-4d40-b23c-341450f34f59,ad705c59-6893-4980-bdbf-0837f1823cc4
192,D3.js,7.8.5,Direct Dependency,"BSD 3-clause ""New"" or ""Revised"" License",PERMISSIVE,NOT_REVIEWED,a75dc810-986c-427c-bcda-51f821181a3b,bf95eb78-0a0d-4000-99b4-a757f843adab,3d238144-44e6-450e-b523-3defbdaed9dc
193,Gozala/events,3.3.0,Transitive Dependency,MIT License,PERMISSIVE,NOT_REVIEWED,87a46c09-83f8-408d-a61c-20d93b2650be,34c037c7-c4c8-41a6-9d67-772b00d91b3a,ad705c59-6893-4980-bdbf-0837f1823cc4
194,Lodash,4.17.21,Transitive Dependency,MIT License,PERMISSIVE,NOT_REVIEWED,c0c93e60-07f5-4d21-ad69-6ad040bd8e9d,f0ad5aae-2481-4ac8-9e64-19b709cf7067,ad705c59-6893-4980-bdbf-0837f1823cc4
195,Microsoft/tslib,1.14.1,Transitive Dependency,BSD Zero Clause License,PERMISSIVE,NOT_REVIEWED,ce2319d7-17f0-468b-81de-bb4838847abc,34fae947-fc10-4c00-9f7e-7c3faa1c7a1e,dd4bebf5-122b-4a8c-8c2a-dc34f0308110
196,Microsoft/tslib,2.6.2,Transitive Dependency,BSD Zero Clause License,PERMISSIVE,NOT_REVIEWED,ce2319d7-17f0-468b-81de-bb4838847abc,73a5a005-7472-4ee5-8b6b-96f2af4dd64a,dd4bebf5-122b-4a8c-8c2a-dc34f0308110
197,PapaParse,5.4.1,Direct Dependency,MIT License,PERMISSIVE,NOT_REVIEWED,991e208f-e20c-4f19-9c79-9e1431525817,9ef9a88e-e72a-41b6-99a5-b70eb483c13a,ad705c59-6893-4980-bdbf-0837f1823cc4
198,PrismJS,1.27.0,Transitive Dependency,MIT License,PERMISSIVE,NOT_REVIEWED,ef3b496d-154b-46a4-90ef-3a1121a4c67d,c1da21f1-8425-4e81-9eb1-5a92e3902984,ad705c59-6893-4980-bdbf-0837f1823cc4
199,PrismJS,1.29.0,Transitive Dependency,MIT License,PERMISSIVE,NOT_REVIEWED,ef3b496d-154b-46a4-90ef-3a1121a4c67d,76e902d1-2231-40f2-9505-6a7a845f93b6,ad705c59-6893-4980-bdbf-0837f1823cc4
200,Punycode.js,2.3.1,Transitive Dependency,MIT License,PERMISSIVE,NOT_REVIEWED,d2a5d612-5215-4b64-a9f3-88b94570677b,448017d5-2031-4b97-b89e-99115edef2a0,ad705c59-6893-4980-bdbf-0837f1823cc4
201,Qix-/color-convert,1.9.3,Transitive Dependency,MIT License,PERMISSIVE,NOT_REVIEWED,46ac7f84-07df-4544-bcfb-5a75dd35d485,5e01a412-c52f-4c61-87fa-0894858ea2bb,ad705c59-6893-4980-bdbf-0837f1823cc4
202,ajv,6.12.6,Transitive Dependency,MIT License,PERMISSIVE,NOT_REVIEWED,8e1e6ffd-b90e-4ce0-82ee-124a12e1c60b,d801c4e4-c9aa-47bc-8e22-5184cc792b02,ad705c59-6893-4980-bdbf-0837f1823cc4
203,ajv-keywords,3.5.2,Transitive Dependency,MIT License,PERMISSIVE,NOT_REVIEWED,23b5b6c8-65ca-41f8-91eb-8a9cec8ff9bf,7c1d8059-f8cb-42c8-8d2f-9512d2451949,ad705c59-6893-4980-bdbf-0837f1823cc4
204,ansi-styles,3.2.1,Transitive Dependency,MIT License,PERMISSIVE,NOT_REVIEWED,076b8cff-cc76-48d5-96f4-e7241d3d29d9,e92505d8-0742-4eb3-a533-2b6b1fc28646,ad705c59-6893-4980-bdbf-0837f1823cc4
205,asynckit,0.4.0,Transitive Dependency,MIT License,PERMISSIVE,NOT_REVIEWED,43342b9f-3356-4797-9722-ee80bf3cd217,72a38dfa-4b4b-4b49-a621-5da57d3a0831,ad705c59-6893-4980-bdbf-0837f1823cc4
206,axios,1.6.7,Direct Dependency,MIT License,PERMISSIVE,NOT_REVIEWED,31b73ea8-4b41-43ed-8ada-1d680a5ad50d,90e3f6ed-c33f-4c92-b341-aaa08eda80ed,ad705c59-6893-4980-bdbf-0837f1823cc4
207,babel-plugin-macros,3.1.0,Transitive Dependency,MIT License,PERMISSIVE,NOT_REVIEWED,49f9ed33-b65a-40d1-97b1-6da20b70268e,f3ed5e76-374d-476c-9f68-8c35ef0424fe,ad705c59-6893-4980-bdbf-0837f1823cc4
208,base64-js,1.5.1,Transitive Dependency,MIT License,PERMISSIVE,NOT_REVIEWED,fe419850-a90e-4d1c-be3c-8f89c78571c0,cbd57017-66ef-4eda-97c7-0681ddbfbae0,ad705c59-6893-4980-bdbf-0837f1823cc4
209,big.js,5.2.2,Transitive Dependency,MIT License,PERMISSIVE,NOT_REVIEWED,458e4bcf-c40a-49e7-ada1-32b90ca39056,b75c89b3-327d-43e4-b9d2-33ee8c82b5a4,ad705c59-6893-4980-bdbf-0837f1823cc4
210,browserify/resolve,1.22.8,Transitive Dependency,MIT License,PERMISSIVE,NOT_REVIEWED,8602b937-e64a-4676-8c00-f66111ec2301,d944cb02-4218-4dad-96a1-d067a9f2560d,ad705c59-6893-4980-bdbf-0837f1823cc4
211,buffer-crc32,0.2.13,Transitive Dependency,MIT License,PERMISSIVE,NOT_REVIEWED,2a808a8f-5e62-47c3-bb23-43bd07b9b96c,80b4c555-9584-46f7-9b36-83b6a2817b17,ad705c59-6893-4980-bdbf-0837f1823cc4
212,callsites,3.1.0,Transitive Dependency,MIT License,PERMISSIVE,NOT_REVIEWED,4137d1da-aa46-490a-aa4b-8b54603248ee,f1651c75-d57e-4268-ba6e-e06b794c7641,ad705c59-6893-4980-bdbf-0837f1823cc4
213,character-entities,1.2.4,Transitive Dependency,MIT License,PERMISSIVE,NOT_REVIEWED,2dcfe869-0416-4165-9d25-0898e33588d0,c156d50b-5077-4b71-be27-7e208170ef28,ad705c59-6893-4980-bdbf-0837f1823cc4
214,character-entities-legacy,1.1.4,Transitive Dependency,MIT License,PERMISSIVE,NOT_REVIEWED,07427e9f-4ea5-455b-953f-d482910bb9ae,4f8d1f51-0587-4473-99a0-13d83645208d,ad705c59-6893-4980-bdbf-0837f1823cc4
215,character-reference-invalid,1.1.4,Transitive Dependency,MIT License,PERMISSIVE,NOT_REVIEWED,0cb92385-8bc8-47cf-b636-038a3765da5f,5db77d48-92b7-41a5-854a-e6879033ab10,ad705c59-6893-4980-bdbf-0837f1823cc4
216,child_process,1.0.2,Direct Dependency,ISC License,PERMISSIVE,NOT_REVIEWED,281f441b-66cd-47d1-ba9d-eeba12ab76a5,9738b603-b138-4ad7-8d2c-a489240935d9,14b0b50b-acd2-4fc8-ac65-3b15f9e58260
217,clsx,2.1.1,Transitive Dependency,MIT License,PERMISSIVE,NOT_REVIEWED,9d997fe6-f04f-4853-b6bc-e66a01a8322b,ec5ad87c-bd7d-4aa9-8a2b-6ff70b34df2b,ad705c59-6893-4980-bdbf-0837f1823cc4
218,color-name,1.1.3,Transitive Dependency,MIT License,PERMISSIVE,NOT_REVIEWED,68b85420-e2ba-4f55-96e5-05836e663a21,6972e2e2-d404-4fed-b39d-aecb4daa490b,ad705c59-6893-4980-bdbf-0837f1823cc4
219,combined-stream,1.0.8,Transitive Dependency,MIT License,PERMISSIVE,NOT_REVIEWED,433e80c2-6c56-457c-80e3-2f3fa573ec8a,77685b17-bdfd-48ad-bd72-318e01ea1f66,ad705c59-6893-4980-bdbf-0837f1823cc4
220,comma-separated-tokens,1.0.8,Transitive Dependency,MIT License,PERMISSIVE,NOT_REVIEWED,a67ec25a-60b8-4528-bdf4-c4dfa3b6e8a7,ff6ca094-431b-4c47-a76f-bcc34a0fa646,ad705c59-6893-4980-bdbf-0837f1823cc4
221,convert-source-map,1.9.0,Transitive Dependency,MIT License,PERMISSIVE,NOT_REVIEWED,2f734218-c864-404b-897f-0c1fe821610e,f3141a6d-7548-421f-a952-feece6840973,ad705c59-6893-4980-bdbf-0837f1823cc4
222,cosmiconfig,7.1.0,Transitive Dependency,MIT License,PERMISSIVE,NOT_REVIEWED,365924d9-4ccd-45c9-b9c3-92a5e3c40ebf,dd9c5060-f876-4790-ac8d-60b996001922,ad705c59-6893-4980-bdbf-0837f1823cc4
223,csstype,3.1.3,Transitive Dependency,MIT License,PERMISSIVE,NOT_REVIEWED,59fce7fc-99ab-4cdd-931b-cbf0a96fb817,182ca105-70dd-4ef6-9555-7704f5884f14,ad705c59-6893-4980-bdbf-0837f1823cc4
224,d3-array,3.2.4,Transitive Dependency,ISC License,PERMISSIVE,NOT_REVIEWED,68d72be0-f915-4ab5-a215-4b14c2667777,b77c8094-7acc-47c9-9c55-9b0e808be3f6,14b0b50b-acd2-4fc8-ac65-3b15f9e58260
225,d3-axis,3.0.0,Transitive Dependency,ISC License,PERMISSIVE,NOT_REVIEWED,3e92695e-f074-4eb5-992f-0c6d8fb877b9,c8f9edd4-ac24-405a-8951-9a86f6a26a9a,14b0b50b-acd2-4fc8-ac65-3b15f9e58260
226,d3-brush,3.0.0,Transitive Dependency,ISC License,PERMISSIVE,NOT_REVIEWED,f5d09e35-b5b3-4b23-88bd-96fe4097914c,218478c7-635c-4e14-8495-3d3d16fedabb,14b0b50b-acd2-4fc8-ac65-3b15f9e58260
227,d3-chord,3.0.1,Transitive Dependency,ISC License,PERMISSIVE,NOT_REVIEWED,c332d48f-f17b-4d3b-b3ee-029f65c8e0f0,049ac67a-f617-445f-8773-7fac3d4a07f0,14b0b50b-acd2-4fc8-ac65-3b15f9e58260
228,d3-color,3.1.0,Transitive Dependency,ISC License,PERMISSIVE,NOT_REVIEWED,61f1fd04-a644-400c-b0d0-1c1da3b15217,843c02ce-8811-4352-8284-df8809c4537c,14b0b50b-acd2-4fc8-ac65-3b15f9e58260
229,d3-contour,4.0.2,Transitive Dependency,ISC License,PERMISSIVE,NOT_REVIEWED,3e7a4a61-cf5d-4c3d-8bb8-294b8f8c7d9f,6140b111-d112-410b-80b3-acffdbcd5aca,14b0b50b-acd2-4fc8-ac65-3b15f9e58260
230,d3-delaunay,6.0.4,Transitive Dependency,ISC License,PERMISSIVE,NOT_REVIEWED,6a995aa3-a985-4131-8581-ec7aaf5ef613,d0163822-ced7-4521-897f-b7861f39c0a3,14b0b50b-acd2-4fc8-ac65-3b15f9e58260
231,d3-dispatch,3.0.1,Transitive Dependency,ISC License,PERMISSIVE,NOT_REVIEWED,f3551852-c261-4118-bc57-92788c2e0700,6b18a9a2-c651-4639-8941-1b04ba6dd881,14b0b50b-acd2-4fc8-ac65-3b15f9e58260
232,d3-drag,3.0.0,Transitive Dependency,ISC License,PERMISSIVE,NOT_REVIEWED,ac36c466-5d28-4d88-aacc-9f91570e1ca0,dd202e31-4aac-439b-8c04-d14318a451e7,14b0b50b-acd2-4fc8-ac65-3b15f9e58260
233,d3-dsv,3.0.1,Direct Dependency,ISC License,PERMISSIVE,NOT_REVIEWED,a11ab95f-5fcf-4260-8d5f-d51ef141bfb3,4062dd31-7d7b-4e2f-990e-b1394a11364a,14b0b50b-acd2-4fc8-ac65-3b15f9e58260
234,d3-ease,3.0.1,Transitive Dependency,"BSD 3-clause ""New"" or ""Revised"" License",PERMISSIVE,NOT_REVIEWED,99d74b57-6049-4e63-8f53-afb5b2ef8460,0bd89737-f241-4a87-b7c6-f58253e53d34,3d238144-44e6-450e-b523-3defbdaed9dc
235,d3-fetch,3.0.1,Transitive Dependency,ISC License,PERMISSIVE,NOT_REVIEWED,6489c57a-56fe-4eed-91fd-624b7aa7bb63,690fed48-e1e1-4c9e-9bb5-cea600e81601,14b0b50b-acd2-4fc8-ac65-3b15f9e58260
236,d3-force,3.0.0,Transitive Dependency,ISC License,PERMISSIVE,NOT_REVIEWED,4cac6b8a-508a-4392-8b10-6e35347e2d29,36284a5b-fa4f-4764-bd11-6316a229ae35,14b0b50b-acd2-4fc8-ac65-3b15f9e58260
237,d3-format,3.1.0,Transitive Dependency,ISC License,PERMISSIVE,NOT_REVIEWED,ba3bcca9-9d89-4287-88f3-26f250170986,7260bb0d-e572-48c9-a8a3-5869184cfa5e,14b0b50b-acd2-4fc8-ac65-3b15f9e58260
238,d3-geo,3.1.0,Transitive Dependency,ISC License,PERMISSIVE,NOT_REVIEWED,71a8317f-33ee-42f3-b948-01b5a56c68d7,408c7a2d-db51-49b1-9ee5-d099325ee5b6,14b0b50b-acd2-4fc8-ac65-3b15f9e58260
239,d3-hierarchy,3.1.2,Direct Dependency,ISC License,PERMISSIVE,NOT_REVIEWED,48788cf0-39c4-4e04-a8d7-576dd20bbb71,16b4595b-d892-4a93-9aea-df63540be32b,14b0b50b-acd2-4fc8-ac65-3b15f9e58260
240,d3-interpolate,3.0.1,Transitive Dependency,ISC License,PERMISSIVE,NOT_REVIEWED,ea3a8295-16dc-46b3-96aa-c4a2748fbcc4,29500588-2f56-4cf6-ad4f-7ec0597826e9,14b0b50b-acd2-4fc8-ac65-3b15f9e58260
241,d3-path,3.1.0,Transitive Dependency,ISC License,PERMISSIVE,NOT_REVIEWED,42e02186-5d32-47a9-8688-a761de61fae2,c03dd3e1-e695-4db8-8f77-ba74f14340ab,14b0b50b-acd2-4fc8-ac65-3b15f9e58260
242,d3-polygon,3.0.1,Transitive Dependency,ISC License,PERMISSIVE,NOT_REVIEWED,b467d93b-a2c8-437c-9522-23bf613cca14,eeafe603-dd3d-4033-92ff-4cc43ca026a1,14b0b50b-acd2-4fc8-ac65-3b15f9e58260
243,d3-quadtree,3.0.1,Transitive Dependency,ISC License,PERMISSIVE,NOT_REVIEWED,d38ab35d-a226-4e5f-8818-8dd44cd4e210,58793899-3835-4b35-9174-56dd838faee3,14b0b50b-acd2-4fc8-ac65-3b15f9e58260
244,d3-random,3.0.1,Transitive Dependency,ISC License,PERMISSIVE,NOT_REVIEWED,0b52c00b-2c73-4e66-892c-ffd964295ddd,5b2dcec0-f79e-4bc9-b20b-071374a5b03f,14b0b50b-acd2-4fc8-ac65-3b15f9e58260
245,d3-scale,4.0.2,Transitive Dependency,ISC License,PERMISSIVE,NOT_REVIEWED,dcab803c-bb28-440e-9298-d4194b3cce15,2ad54523-82cd-4bbe-9a2d-263e32a3bf6f,14b0b50b-acd2-4fc8-ac65-3b15f9e58260
246,d3-scale-chromatic,3.0.0,Transitive Dependency,ISC License,PERMISSIVE,NOT_REVIEWED,33726d3e-0c2a-4618-952b-6ab8d8332756,0173752d-f823-4183-8357-d8ae954e58ba,14b0b50b-acd2-4fc8-ac65-3b15f9e58260
247,d3-selection,3.0.0,Direct Dependency,ISC License,PERMISSIVE,NOT_REVIEWED,2caa6fae-651b-458f-9826-f056fbb8ed6a,f352c76d-dfe2-46b0-b532-f90afa34d460,14b0b50b-acd2-4fc8-ac65-3b15f9e58260
248,d3-shape,3.2.0,Direct Dependency,ISC License,PERMISSIVE,NOT_REVIEWED,6a864b1c-cc56-40d8-bddb-505691ad907c,af189099-6c3e-42e1-8281-ea5a91101a43,14b0b50b-acd2-4fc8-ac65-3b15f9e58260
249,d3-time,3.1.0,Transitive Dependency,ISC License,PERMISSIVE,NOT_REVIEWED,92e8b0fe-3365-4340-a3f9-e50b67f10497,31e71e17-7644-4d17-a84a-f90fa114aa67,14b0b50b-acd2-4fc8-ac65-3b15f9e58260
250,d3-time-format,4.1.0,Transitive Dependency,ISC License,PERMISSIVE,NOT_REVIEWED,0547aa21-02d1-43a8-b695-d3dc595601d6,1159c855-bbb4-4cef-b6b8-bade0e267967,14b0b50b-acd2-4fc8-ac65-3b15f9e58260
251,d3-timer,3.0.1,Transitive Dependency,ISC License,PERMISSIVE,NOT_REVIEWED,1403fd28-c0c9-44b3-88f8-b7836b157af7,1a4e0200-d25d-46b4-8c9f-e6f87e78a4bd,14b0b50b-acd2-4fc8-ac65-3b15f9e58260
252,d3-transition,3.0.1,Transitive Dependency,ISC License,PERMISSIVE,NOT_REVIEWED,ece8e263-0474-4362-825c-dce1af9226e7,2b6e713e-8342-4ce9-9611-5301c77b18ae,14b0b50b-acd2-4fc8-ac65-3b15f9e58260
253,d3-zoom,3.0.0,Direct Dependency,ISC License,PERMISSIVE,NOT_REVIEWED,74f398bc-70e9-43ba-a560-5538353834ce,eddcb793-8dbc-4b9b-8cb0-5a2ca29ea566,14b0b50b-acd2-4fc8-ac65-3b15f9e58260
254,daemon,1.1.0,Transitive Dependency,MIT License,PERMISSIVE,NOT_REVIEWED,8b806557-3470-4607-9315-fbbdd10287ea,4fdee98a-f09f-4bc3-87bd-d1318607bba7,ad705c59-6893-4980-bdbf-0837f1823cc4
255,debug-js/debug,2.6.9,Transitive Dependency,MIT License,PERMISSIVE,NOT_REVIEWED,311cd3ac-8ee5-4020-af4d-ac4aa070b4fa,91287146-198b-4d94-b691-c352cc43e2db,ad705c59-6893-4980-bdbf-0837f1823cc4
256,debug-js/debug,4.3.4,Transitive Dependency,MIT License,PERMISSIVE,NOT_REVIEWED,311cd3ac-8ee5-4020-af4d-ac4aa070b4fa,7eeaf00e-8a09-4911-ae2c-010644e829c8,ad705c59-6893-4980-bdbf-0837f1823cc4
257,decimal.js-light,2.5.1,Transitive Dependency,MIT License,PERMISSIVE,NOT_REVIEWED,33797172-d8da-4321-b478-98ba716bb1fa,1c5acf89-20d7-425f-b140-654ba8c57177,ad705c59-6893-4980-bdbf-0837f1823cc4
258,delaunator,5.0.1,Transitive Dependency,ISC License,PERMISSIVE,NOT_REVIEWED,d1760b94-0a2c-4f74-ac41-a9447ad75950,a7e26179-49d8-4867-8dba-928174057a16,14b0b50b-acd2-4fc8-ac65-3b15f9e58260
259,delayed-stream,1.0.0,Transitive Dependency,MIT License,PERMISSIVE,NOT_REVIEWED,845f033b-a90e-4e1a-b184-77208ddfd6a3,9f8eff9b-d7b5-476d-bf3d-5c01ec9be048,ad705c59-6893-4980-bdbf-0837f1823cc4
260,discontinuous-range,1.0.0,Transitive Dependency,MIT License,PERMISSIVE,NOT_REVIEWED,a7995674-a3b1-4c3e-a550-051d81e9e6ab,d6715a8d-ccf4-4db2-865b-5209a214e021,ad705c59-6893-4980-bdbf-0837f1823cc4
261,dom-helpers,3.4.0,Transitive Dependency,MIT License,PERMISSIVE,NOT_REVIEWED,9a258272-577c-43ec-a69f-e7d567cfad9b,41deb79c-e17b-490f-bd61-a5608fa7ad09,ad705c59-6893-4980-bdbf-0837f1823cc4
262,dom-helpers,5.2.1,Transitive Dependency,MIT License,PERMISSIVE,NOT_REVIEWED,9a258272-577c-43ec-a69f-e7d567cfad9b,5613cf4b-b52d-4678-bbf9-0e84cf490cb7,ad705c59-6893-4980-bdbf-0837f1823cc4
263,electron-squirrel-startup,1.0.0,Direct Dependency,Apache License 2.0,PERMISSIVE,NOT_REVIEWED,44e077ae-a2d3-48c6-b793-0b539fdf1b0e,42e14374-fd2c-4d61-9931-0d3836957cb4,7cae335f-1193-421e-92f1-8802b4243e93
264,electron/update-electron-app,3.0.0,Direct Dependency,MIT License,PERMISSIVE,NOT_REVIEWED,c38a7e4f-baf8-4b90-80c8-d66be8692205,e8c1886d-0faf-4b91-b02f-f55cd2a57c62,ad705c59-6893-4980-bdbf-0837f1823cc4
265,emojis-list,3.0.0,Transitive Dependency,MIT License,PERMISSIVE,NOT_REVIEWED,26c08b55-843d-4231-988d-61158bd63dc4,cd924149-9559-4435-a0c1-353d04b64538,ad705c59-6893-4980-bdbf-0837f1823cc4
266,end-of-stream,1.4.4,Transitive Dependency,MIT License,PERMISSIVE,NOT_REVIEWED,1ca0931e-0100-4e89-8b83-47a0a49574c2,822b5458-2b72-442f-a97b-4621933c5639,ad705c59-6893-4980-bdbf-0837f1823cc4
267,escape-goat,2.1.1,Transitive Dependency,MIT License,PERMISSIVE,NOT_REVIEWED,f73d5df7-6a61-4963-b5d3-154286a33e7f,d156f0ad-6f58-4c93-9df7-51a99d41473a,ad705c59-6893-4980-bdbf-0837f1823cc4
268,escape-string-regexp,1.0.5,Transitive Dependency,MIT License,PERMISSIVE,NOT_REVIEWED,806418ca-31d7-4c4a-b894-e3b3b9b562bc,5f524fe7-bd01-47bc-b98c-92a281d2f2a9,ad705c59-6893-4980-bdbf-0837f1823cc4
269,escape-string-regexp,v4.0.0,Transitive Dependency,MIT License,PERMISSIVE,NOT_REVIEWED,806418ca-31d7-4c4a-b894-e3b3b9b562bc,ec641e02-373b-4a54-b61e-c93f62e3c7db,ad705c59-6893-4980-bdbf-0837f1823cc4
270,eventemitter3,4.0.7,Transitive Dependency,MIT License,PERMISSIVE,NOT_REVIEWED,cd5abc5f-ddb6-45b9-839f-573e8adcbf20,84de8555-2d8e-426d-b493-1da912ab0822,ad705c59-6893-4980-bdbf-0837f1823cc4
271,ext-list,2.2.2,Transitive Dependency,MIT License,PERMISSIVE,NOT_REVIEWED,bef9dd1d-976e-4ce6-aee4-a99a18d665b9,fede9707-b4c6-41fc-8143-18ec75df15fd,ad705c59-6893-4980-bdbf-0837f1823cc4
272,extname,5.0.0,Transitive Dependency,MIT License,PERMISSIVE,NOT_REVIEWED,65b78b60-8599-48ae-b00b-e612577936b8,a46a938c-f594-408e-87a3-d713de20b278,ad705c59-6893-4980-bdbf-0837f1823cc4
273,extract-zip,2.0.1,Direct Dependency,"BSD 2-clause ""Simplified"" License",PERMISSIVE,NOT_REVIEWED,165d83e9-b3a0-47c9-8fb5-6bb8596988b9,d774ac6a-2ff6-4a80-b9a2-24dfe62aaf67,cc875133-df38-4806-9921-473e0ef01a87
274,fast-deep-equal,v3.1.3,Direct Dependency,MIT License,PERMISSIVE,NOT_REVIEWED,3375adc9-4144-4bc7-89f3-4278c65ad336,2af34950-03c4-4e8f-be36-2d301b2f33ab,ad705c59-6893-4980-bdbf-0837f1823cc4
275,fast-equals,5.0.1,Transitive Dependency,MIT License,PERMISSIVE,NOT_REVIEWED,b5b902e8-334a-4e79-a1cd-1417db478ac2,19232ef3-7a05-4bbf-876c-a6dde12d77d4,ad705c59-6893-4980-bdbf-0837f1823cc4
276,fast-json-stable-stringify,2.1.0,Transitive Dependency,MIT License,PERMISSIVE,NOT_REVIEWED,ffa6e05c-21eb-40a5-9027-dffc5322b4dc,04b8616f-efb6-4262-b7de-d8fc9ac60ab7,ad705c59-6893-4980-bdbf-0837f1823cc4
277,fast-xml-parser,4.2.5,Transitive Dependency,MIT License,PERMISSIVE,NOT_REVIEWED,5f46c6d1-48cb-4825-8cba-d641efb86fe3,a2b684bf-2fe2-485b-bbff-5af98612125a,ad705c59-6893-4980-bdbf-0837f1823cc4
278,fault,1.0.4,Transitive Dependency,MIT License,PERMISSIVE,NOT_REVIEWED,085f8bcf-3393-4a51-8a07-9cc7dfd5299b,32b4cfc1-7fb3-4952-8606-cd90999effe6,ad705c59-6893-4980-bdbf-0837f1823cc4
279,fd-slicer,1.1.0,Transitive Dependency,MIT License,PERMISSIVE,NOT_REVIEWED,73dd9ebc-6a18-4b79-8683-b5e0b4078cae,010313b4-8932-45ba-a065-a95b4c0657c9,ad705c59-6893-4980-bdbf-0837f1823cc4
280,file-loader,v6.2.0,Direct Dependency,MIT License,PERMISSIVE,NOT_REVIEWED,f0df3b8a-58ab-4fef-8fc6-8c3872645b91,6dcc1562-d391-477e-965f-baf96b3f5e5d,ad705c59-6893-4980-bdbf-0837f1823cc4
281,find-root,1.1.0,Transitive Dependency,MIT License,PERMISSIVE,NOT_REVIEWED,d043715c-3304-4339-a376-89b152fa0dcd,2b3ff371-cbe2-4503-a471-7b3013bfb915,ad705c59-6893-4980-bdbf-0837f1823cc4
282,follow-redirects,1.15.5,Transitive Dependency,MIT License,PERMISSIVE,NOT_REVIEWED,722fe904-47d2-408c-9e3c-077ec790c7d8,f233bbdd-b40e-449c-9cd3-ed135a4c4d61,ad705c59-6893-4980-bdbf-0837f1823cc4
283,form-data,4.0.0,Direct Dependency,MIT License,PERMISSIVE,NOT_REVIEWED,275be75e-0c11-423d-b6e0-b3c60e3bf767,344be5f3-31e5-4b20-8ff5-7b16701037f0,ad705c59-6893-4980-bdbf-0837f1823cc4
284,function-bind,1.1.2,Transitive Dependency,MIT License,PERMISSIVE,NOT_REVIEWED,14d73ddd-01dc-4a56-89cb-9bd8629119bb,d87bab2e-a870-4acf-a460-8b9a2d95066f,ad705c59-6893-4980-bdbf-0837f1823cc4
285,get-stdin,8.0.0,Transitive Dependency,MIT License,PERMISSIVE,NOT_REVIEWED,c58f947e-5404-4d77-b482-1fe99274cafa,1081531e-3311-4ec2-a958-947d49c70dc8,ad705c59-6893-4980-bdbf-0837f1823cc4
286,get-stream,v5.2.0,Transitive Dependency,MIT License,PERMISSIVE,NOT_REVIEWED,86119d37-521a-4de9-8ddf-d29be4766a15,2b9ac2bc-d9ba-4841-9632-ea4b4904003f,ad705c59-6893-4980-bdbf-0837f1823cc4
287,github-url-to-object,v4.0.6,Transitive Dependency,MIT License,PERMISSIVE,NOT_REVIEWED,dd18983c-20e2-4fc4-827d-d235db30d589,fd2d7c5f-99d0-43e0-a498-8ae64e426e42,ad705c59-6893-4980-bdbf-0837f1823cc4
288,has-flag,3.0.0,Transitive Dependency,MIT License,PERMISSIVE,NOT_REVIEWED,ff2c2781-36ea-4b99-9bb4-2442db6dd405,92fa8316-a2de-4d51-8403-aba59b638507,ad705c59-6893-4980-bdbf-0837f1823cc4
289,hasown,2.0.0,Transitive Dependency,MIT License,PERMISSIVE,NOT_REVIEWED,79d75e28-d7ce-462f-a7a1-bdcc41bbc80f,19aec6f0-b225-4dcd-8fe7-5201258c5195,ad705c59-6893-4980-bdbf-0837f1823cc4
290,hast-util-parse-selector,2.2.5,Transitive Dependency,MIT License,PERMISSIVE,NOT_REVIEWED,5a4771ef-5d99-47b7-8b61-3d91a10282cd,fade0415-0266-499f-aec3-5dc7b66366c8,ad705c59-6893-4980-bdbf-0837f1823cc4
291,hastscript,6.0.0,Transitive Dependency,MIT License,PERMISSIVE,NOT_REVIEWED,f04ca06e-dcd7-4c80-8c7d-54e1fe203cc1,cbeb0b08-bfa1-48c5-8734-c780aa99644f,ad705c59-6893-4980-bdbf-0837f1823cc4
292,hoist-non-react-statics,v3.3.2,Transitive Dependency,"BSD 3-clause ""New"" or ""Revised"" License",PERMISSIVE,NOT_REVIEWED,a9250c37-acb5-4fbc-aff9-180b5f0c3a36,ad6f987b-01fc-45a8-aee5-c6c8d5456e8c,3d238144-44e6-450e-b523-3defbdaed9dc
293,iconv-lite,0.6.3,Transitive Dependency,MIT License,PERMISSIVE,NOT_REVIEWED,94bfe3df-c0a0-4b94-8834-4e3557203750,ee02f4b5-3ef9-40e0-b639-77f61cf486e7,ad705c59-6893-4980-bdbf-0837f1823cc4
294,ieee754,v1.2.1,Transitive Dependency,"BSD 3-clause ""New"" or ""Revised"" License",PERMISSIVE,NOT_REVIEWED,175c52ef-d958-4dbf-a650-3ffba4ffcd5c,8f4505a9-0347-4a87-8d6a-d18bbf5cbae4,3d238144-44e6-450e-b523-3defbdaed9dc
295,import-fresh,3.3.0,Transitive Dependency,MIT License,PERMISSIVE,NOT_REVIEWED,5c5b9a2d-d142-40a8-a27f-14060e70247c,93e830b4-bba7-4f1f-815d-e980ed9c3826,ad705c59-6893-4980-bdbf-0837f1823cc4
296,inherits,v2.0.4,Transitive Dependency,ISC License,PERMISSIVE,NOT_REVIEWED,d481a553-a8e0-47ec-8c86-268ef4d2ac6f,9cfcbde0-8633-45b6-8339-62d8018f985e,14b0b50b-acd2-4fc8-ac65-3b15f9e58260
297,init,0.1.2,Direct Dependency,MIT License,PERMISSIVE,NOT_REVIEWED,9c5e312d-8fcb-4313-addd-b32d06bdff4b,106690b0-c6de-40e8-bb6c-10478a1c5b5d,ad705c59-6893-4980-bdbf-0837f1823cc4
298,internmap,2.0.3,Transitive Dependency,ISC License,PERMISSIVE,NOT_REVIEWED,0b941423-2e45-4f69-ad70-5b3ef0ede061,beb67d72-3245-457e-bd45-cf2b52082367,14b0b50b-acd2-4fc8-ac65-3b15f9e58260
299,is-alphabetical,1.0.4,Transitive Dependency,MIT License,PERMISSIVE,NOT_REVIEWED,70bbd848-4f7f-4938-ad58-8851c1ed778a,9b721772-03d4-407f-a40d-04fe9d97a595,ad705c59-6893-4980-bdbf-0837f1823cc4
300,is-alphanumerical,1.0.4,Transitive Dependency,MIT License,PERMISSIVE,NOT_REVIEWED,9aed6c40-2d84-49e1-a2cf-ffffd905918f,8a5c6499-c3bd-4bcb-918f-1604c38145b1,ad705c59-6893-4980-bdbf-0837f1823cc4
301,is-arrayish,0.2.1,Transitive Dependency,MIT License,PERMISSIVE,NOT_REVIEWED,439a3fc5-3b7b-4997-9f73-e757b09fc594,440f7406-3850-4639-bb0d-51805a77ce23,ad705c59-6893-4980-bdbf-0837f1823cc4
302,is-core-module,2.13.1,Transitive Dependency,MIT License,PERMISSIVE,NOT_REVIEWED,18ac8126-6411-414a-b052-6e3428294cd6,9e297d52-5df0-4496-940f-34d6a95c6608,ad705c59-6893-4980-bdbf-0837f1823cc4
303,is-decimal,1.0.4,Transitive Dependency,MIT License,PERMISSIVE,NOT_REVIEWED,84457514-431a-499a-9af8-c1cc02f50359,31a80000-0712-48e8-b9fc-6334c746d58b,ad705c59-6893-4980-bdbf-0837f1823cc4
304,is-hexadecimal,1.0.4,Transitive Dependency,MIT License,PERMISSIVE,NOT_REVIEWED,8d1ccad4-eec3-45a4-9105-0615699ec71f,8718668d-b3c5-4b97-8910-4ed51f04410b,ad705c59-6893-4980-bdbf-0837f1823cc4
305,is-plain-obj,1.1.0,Transitive Dependency,MIT License,PERMISSIVE,NOT_REVIEWED,1170fc90-9d8c-41a9-831d-677bcd69cf0a,49b7ca53-3920-4ea0-842b-e1bf5bb568ee,ad705c59-6893-4980-bdbf-0837f1823cc4
306,is-url,1.2.4,Transitive Dependency,MIT License,PERMISSIVE,NOT_REVIEWED,4c4974df-dfb6-49af-967e-93bb1a85c540,cd5e3495-79d3-4d47-9fb5-24d7b4b54cd2,ad705c59-6893-4980-bdbf-0837f1823cc4
307,isaacs/once,1.4.0,Transitive Dependency,ISC License,PERMISSIVE,NOT_REVIEWED,a7fabb15-7ef2-4d0b-886f-4910b22076c3,3d55bdee-4a21-4564-a945-be545f62532e,14b0b50b-acd2-4fc8-ac65-3b15f9e58260
308,jorgebucaran/classcat,5.0.4,Transitive Dependency,MIT License,PERMISSIVE,NOT_REVIEWED,e4f2e6dd-efe9-4ae2-99f6-d5a06161c39f,9edbdf83-f733-4f80-9b7a-7d5ccff54096,ad705c59-6893-4980-bdbf-0837f1823cc4
309,js-tokens,4.0.0,Transitive Dependency,MIT License,PERMISSIVE,NOT_REVIEWED,31020f5f-3a29-41fc-94dc-cf401ac34d39,64276130-2408-40e8-85d3-515dc1003dca,ad705c59-6893-4980-bdbf-0837f1823cc4
310,jshttp/mime-types,2.1.35,Transitive Dependency,MIT License,PERMISSIVE,NOT_REVIEWED,6fe95cdd-045a-4c45-9078-94ea405c611c,1478f14d-789f-4955-8d96-272936b2e862,ad705c59-6893-4980-bdbf-0837f1823cc4
311,json-parse-even-better-errors,2.3.1,Transitive Dependency,MIT License,PERMISSIVE,NOT_REVIEWED,eabeab5b-5450-46bb-9fae-a420c85c9c59,9142b87c-baff-40b3-995d-a42f35a94311,ad705c59-6893-4980-bdbf-0837f1823cc4
312,json-schema-traverse,0.4.1,Transitive Dependency,MIT License,PERMISSIVE,NOT_REVIEWED,e74ac44e-e13d-4ddb-a929-cdc8f5ced82f,f231b5e1-0b2a-4f49-bd9c-b45bc9fa68c0,ad705c59-6893-4980-bdbf-0837f1823cc4
313,json5,2.2.3,Transitive Dependency,MIT License,PERMISSIVE,NOT_REVIEWED,f51003ef-632b-483e-ad08-c499934a9edc,7d482315-c08d-453e-a104-d8730d5f9f44,ad705c59-6893-4980-bdbf-0837f1823cc4
314,lancedikson/bowser,2.11.0,Transitive Dependency,MIT License,PERMISSIVE,NOT_REVIEWED,552e3d9c-fa5e-4fb6-840e-dfa91a3423ac,7c90cf63-8685-4e2e-a9e3-bba136ceb667,ad705c59-6893-4980-bdbf-0837f1823cc4
315,lines-and-columns,1.2.4,Transitive Dependency,MIT License,PERMISSIVE,NOT_REVIEWED,ee3df0a8-db95-4ba5-8520-4553bf923ac0,2af62e41-e34e-4839-9080-50a04866041b,ad705c59-6893-4980-bdbf-0837f1823cc4
316,loose-envify,1.4.0,Transitive Dependency,MIT License,PERMISSIVE,NOT_REVIEWED,9f016a85-9725-46a6-a8c6-bb6df6423462,4d14a963-d742-44cf-b75d-db830f44db25,ad705c59-6893-4980-bdbf-0837f1823cc4
317,lowlight,1.20.0,Transitive Dependency,MIT License,PERMISSIVE,NOT_REVIEWED,2fc000cc-420e-4266-a71f-de6c9b21dfc1,743ebf59-4778-4423-a6a5-2b068d6416ea,ad705c59-6893-4980-bdbf-0837f1823cc4
318,mafintosh/pump,3.0.0,Transitive Dependency,MIT License,PERMISSIVE,NOT_REVIEWED,57194207-0e37-49ef-9fd5-6b1a9ebc693b,f9b93d7c-e4c4-4401-a2fd-9750d01b59cc,ad705c59-6893-4980-bdbf-0837f1823cc4
319,mime-db,1.52.0,Transitive Dependency,MIT License,PERMISSIVE,NOT_REVIEWED,8af04f95-a0fc-4e8d-927a-0778def3fc8a,f06813fb-4245-49c8-914e-61b416a5da78,ad705c59-6893-4980-bdbf-0837f1823cc4
320,modify-filename,1.1.0,Transitive Dependency,MIT License,PERMISSIVE,NOT_REVIEWED,8793d2b9-63b9-4c72-a1dd-9548ccc0650a,568e3dcb-a8a8-417a-bee2-991b79026b8b,ad705c59-6893-4980-bdbf-0837f1823cc4
321,monaco-editor,0.45.0,Direct Dependency,MIT License,PERMISSIVE,NOT_REVIEWED,48b6efa4-28bc-4caa-84fa-f3d76b8129e5,33a827cf-77d2-429e-ba19-3a74f5ed668d,ad705c59-6893-4980-bdbf-0837f1823cc4
322,monaco-editor-webpack-plugin,7.1.0,Direct Dependency,MIT License,PERMISSIVE,NOT_REVIEWED,c3f85b3a-11d5-4323-b446-acee320df6de,9a765e35-eb7d-4884-a95b-cfeca45c396d,ad705c59-6893-4980-bdbf-0837f1823cc4
323,moo,0.5.2,Transitive Dependency,"BSD 3-clause ""New"" or ""Revised"" License",PERMISSIVE,NOT_REVIEWED,562ba970-04a5-4509-8863-d7dbec5dc071,24472fe3-24c3-49d4-b2b9-0a41afa25e3b,3d238144-44e6-450e-b523-3defbdaed9dc
324,ms.js,2.0.0,Transitive Dependency,MIT License,PERMISSIVE,NOT_REVIEWED,36cb81b8-10ef-4223-ac3e-1ad33244d3fa,b68b9c20-284e-4f4c-aafa-3ae7f9841fd1,ad705c59-6893-4980-bdbf-0837f1823cc4
325,ms.js,2.1.2,Transitive Dependency,MIT License,PERMISSIVE,NOT_REVIEWED,36cb81b8-10ef-4223-ac3e-1ad33244d3fa,919ff8d8-c4b0-4c45-b134-8b2f7fa18865,ad705c59-6893-4980-bdbf-0837f1823cc4
326,nearley,2.20.1,Transitive Dependency,MIT License,PERMISSIVE,NOT_REVIEWED,8380f6d0-0f04-40db-bce4-fd88e14bb4d9,da9ada24-8014-4382-bdcb-e173fcab72ac,ad705c59-6893-4980-bdbf-0837f1823cc4
327,node-error-ex,1.3.2,Transitive Dependency,MIT License,PERMISSIVE,NOT_REVIEWED,e1a2b5c2-c17a-4387-8ec7-254b7c825de4,5aa08abf-8fee-4563-a691-63c12de1fb58,ad705c59-6893-4980-bdbf-0837f1823cc4
328,nodeca-argparse,2.0.1,Transitive Dependency,Python Software Foundation License 2.0,PERMISSIVE,NOT_REVIEWED,998d6503-71ab-4f74-9582-9dfe800739af,f0b7dbc5-4d81-43f3-8666-8a1e76f530b7,ead40028-7962-4fc0-9be5-2b956cd4714a
329,nodejs/string_decoder,1.3.0,Transitive Dependency,MIT License,PERMISSIVE,NOT_REVIEWED,71d21003-58de-4111-a799-c9f47160b7d7,3ddc2303-15d3-4653-83ce-cbd9e67dfac8,ad705c59-6893-4980-bdbf-0837f1823cc4
330,object-assign,4.1.1,Transitive Dependency,MIT License,PERMISSIVE,NOT_REVIEWED,858b749a-cf94-4a41-ac91-540fc6c6078d,ad49d52b-740c-487a-9a4b-21be7bddaf3a,ad705c59-6893-4980-bdbf-0837f1823cc4
331,parent-module,1.0.1,Transitive Dependency,MIT License,PERMISSIVE,NOT_REVIEWED,8120533d-e900-43d8-9f76-c9def443584b,0c33ce91-b810-4365-aace-938cb93f958b,ad705c59-6893-4980-bdbf-0837f1823cc4
332,parse-entities,2.0.0,Transitive Dependency,MIT License,PERMISSIVE,NOT_REVIEWED,409430c8-72f6-48ac-99a6-65539db1e571,8f6ecc50-8c53-409f-901c-1b1faed71d2a,ad705c59-6893-4980-bdbf-0837f1823cc4
333,parse-json,v5.2.0,Transitive Dependency,MIT License,PERMISSIVE,NOT_REVIEWED,4ebff1b2-f718-4669-8506-f07104adb5ef,7f1cf402-1c42-4115-a1e3-4a5fe225524c,ad705c59-6893-4980-bdbf-0837f1823cc4
334,path-exists,4.0.0,Transitive Dependency,MIT License,PERMISSIVE,NOT_REVIEWED,4ab7b40a-0812-431b-a0e4-3a9fd55a2f80,427ad624-e782-4fb0-aa6a-66f579fc525c,ad705c59-6893-4980-bdbf-0837f1823cc4
335,path-parse,1.0.7,Transitive Dependency,MIT License,PERMISSIVE,NOT_REVIEWED,9908f362-3522-4f6c-9ef1-d136ad1b38ae,7f344029-042c-4e1b-8f94-3e17bb7d779c,ad705c59-6893-4980-bdbf-0837f1823cc4
336,path-type,4.0.0,Transitive Dependency,MIT License,PERMISSIVE,NOT_REVIEWED,bf86ee3a-b21c-4756-9b98-e7d971ce3258,bf68059b-ba97-4a72-aa7b-f64d33378f48,ad705c59-6893-4980-bdbf-0837f1823cc4
337,pend,1.2.0,Transitive Dependency,MIT License,PERMISSIVE,NOT_REVIEWED,526a9129-8da1-45f7-bbf8-76aca2f318d2,abd9064c-8014-448b-adf8-6c1f339d48b8,ad705c59-6893-4980-bdbf-0837f1823cc4
338,prop-types,15.8.1,Transitive Dependency,MIT License,PERMISSIVE,NOT_REVIEWED,61ea4c9f-be5c-4c42-8338-64b8ffac6e2f,354eed9d-ed47-41a3-bf6f-010df3d38eea,ad705c59-6893-4980-bdbf-0837f1823cc4
339,property-information,5.6.0,Transitive Dependency,MIT License,PERMISSIVE,NOT_REVIEWED,a8e99336-f141-426d-8671-c031a698c089,b0197139-a190-455d-a339-7dd05e5eef68,ad705c59-6893-4980-bdbf-0837f1823cc4
340,proxy-from-env,1.1.0,Transitive Dependency,MIT License,PERMISSIVE,NOT_REVIEWED,e0255d53-a544-49a8-b0e3-e37f9614efef,4cb16849-807b-4034-bcfd-03b39621d3e6,ad705c59-6893-4980-bdbf-0837f1823cc4
341,pupa,2.1.1,Transitive Dependency,MIT License,PERMISSIVE,NOT_REVIEWED,692a0880-a0c6-4ad1-8402-cf0d02719aa3,b269ce6b-3262-4b0d-887b-ce4814f83d25,ad705c59-6893-4980-bdbf-0837f1823cc4
342,railroad-diagrams,1.0.0,Transitive Dependency,Creative Commons Zero v1.0 Universal,PERMISSIVE,NOT_REVIEWED,661a7b91-e017-4a17-903b-8fa45dd30504,0388b48f-22f0-4bc6-95ee-0623bd231c30,a7c69599-62b6-4d06-9ec6-ea688c041c00
343,randexp,0.4.6,Transitive Dependency,MIT License,PERMISSIVE,NOT_REVIEWED,80fde5b7-3e3d-45f4-8d2e-d11ac4b76f06,7188de99-cc8d-4be7-b422-0d24d25e59e5,ad705c59-6893-4980-bdbf-0837f1823cc4
344,react,18.2.0,Direct Dependency,MIT License,PERMISSIVE,NOT_REVIEWED,f0efeb2d-3c2f-4c90-b26e-23e77f8724a6,f4f61432-0bf6-45c8-9b5f-a14601610ae3,ad705c59-6893-4980-bdbf-0837f1823cc4
345,react-dom,18.2.0,Direct Dependency,MIT License,PERMISSIVE,NOT_REVIEWED,3d2b6276-0b2c-462b-b83f-eb2a33e217da,02fb812b-fc42-47da-94d2-b2e6bfc8e48a,ad705c59-6893-4980-bdbf-0837f1823cc4
346,react-fast-compare,3.2.2,Transitive Dependency,MIT License,PERMISSIVE,NOT_REVIEWED,56068b17-61c7-4ea4-b843-923cafe7622f,9ae3caf3-a9f0-4d7e-9814-b77b6b85b563,ad705c59-6893-4980-bdbf-0837f1823cc4
347,react-icons,4.12.0,Direct Dependency,MIT License,PERMISSIVE,NOT_REVIEWED,eba85d3f-ea3d-4cbb-8bcb-e65d4b91ffb2,4bbf78bd-6f84-4585-99e9-a48249e15e7d,ad705c59-6893-4980-bdbf-0837f1823cc4
348,react-is,16.13.1,Transitive Dependency,MIT License,PERMISSIVE,NOT_REVIEWED,dbfe74db-5af2-4576-906a-fd0975ee4437,1c288077-27b9-40e2-b0ba-ebe8c7c4cec2,ad705c59-6893-4980-bdbf-0837f1823cc4
349,react-is,18.2.0,Transitive Dependency,MIT License,PERMISSIVE,NOT_REVIEWED,dbfe74db-5af2-4576-906a-fd0975ee4437,1251c7b7-a753-4df6-b8f7-ac27a60dc99b,ad705c59-6893-4980-bdbf-0837f1823cc4
350,react-lifecycles-compat,3.0.4,Transitive Dependency,MIT License,PERMISSIVE,NOT_REVIEWED,da1cbc45-a1b0-4b5d-a238-95054f26e9a8,6b18b610-68a6-4fd8-a37d-091316bcbf2a,ad705c59-6893-4980-bdbf-0837f1823cc4
351,react-popper,2.3.0,Transitive Dependency,MIT License,PERMISSIVE,NOT_REVIEWED,83bcb883-72ab-4e65-868c-a771089e41ba,497c58eb-dd80-4fdc-9382-fe895cf80fdb,ad705c59-6893-4980-bdbf-0837f1823cc4
352,react-popper-tooltip,4.4.2,Direct Dependency,MIT License,PERMISSIVE,NOT_REVIEWED,b018e566-9b9c-4e01-8f42-61d9cfc1c293,b4fcec2b-7946-4e32-8570-2fb3ceae1493,ad705c59-6893-4980-bdbf-0837f1823cc4
353,react-smooth,2.0.5,Transitive Dependency,MIT License,PERMISSIVE,NOT_REVIEWED,959ac0e8-aa9e-498c-a74d-4cfb8b2f8982,03a984ad-0d01-47d8-a61d-3f660019aab5,ad705c59-6893-4980-bdbf-0837f1823cc4
354,react-syntax-highlighter,15.5.0,Direct Dependency,MIT License,PERMISSIVE,NOT_REVIEWED,5c2c56a8-0edc-4dee-a83e-ec1d8c038673,be42b9a0-8964-4132-ae8c-9c18502819a2,ad705c59-6893-4980-bdbf-0837f1823cc4
355,react-transition-group,2.9.0,Transitive Dependency,"BSD 3-clause ""New"" or ""Revised"" License",PERMISSIVE,NOT_REVIEWED,65604583-7c68-465c-921c-3e62f26001ca,43dd4f92-a8ed-47bc-953d-2f6d3d02704a,3d238144-44e6-450e-b523-3defbdaed9dc
356,react-transition-group,4.4.5,Transitive Dependency,"BSD 3-clause ""New"" or ""Revised"" License",PERMISSIVE,NOT_REVIEWED,65604583-7c68-465c-921c-3e62f26001ca,bbd1b614-a06d-49ad-b4f0-72bd45e4ef93,3d238144-44e6-450e-b523-3defbdaed9dc
357,reactflow,11.10.3,Direct Dependency,MIT License,PERMISSIVE,NOT_REVIEWED,1b461b8f-709f-4320-84c2-8eeb2627dc38,46ad19e4-94ab-4cb6-8115-107766da3e23,ad705c59-6893-4980-bdbf-0837f1823cc4
358,readable-stream,3.6.2,Transitive Dependency,MIT License,PERMISSIVE,NOT_REVIEWED,009857b7-cc33-4192-bf97-bcfe47025828,4a2d859a-97bb-4a8a-8f4d-071f63c5c50d,ad705c59-6893-4980-bdbf-0837f1823cc4
359,recharts,2.11.0,Direct Dependency,MIT License,PERMISSIVE,NOT_REVIEWED,72b7baac-f704-479f-8914-eef015e59c8d,db079d41-1930-44c2-b07e-44b6bc38fbad,ad705c59-6893-4980-bdbf-0837f1823cc4
360,recharts-scale,0.4.5,Transitive Dependency,MIT License,PERMISSIVE,NOT_REVIEWED,eae1fdc1-632a-4e1c-a8ea-06b03b82e81a,f4531258-47c0-47f6-adcd-9c01cdfec7f3,ad705c59-6893-4980-bdbf-0837f1823cc4
361,refractor,3.6.0,Transitive Dependency,MIT License,PERMISSIVE,NOT_REVIEWED,4cfb0dcb-1233-465c-9d0e-71c811d8ecb1,f126df90-cc12-47d8-81f3-73e1662e5ff9,ad705c59-6893-4980-bdbf-0837f1823cc4
362,regenerator-runtime,0.14.1,Transitive Dependency,MIT License,PERMISSIVE,NOT_REVIEWED,1db42bdc-1012-44cb-b2b1-f1c4e664c9f1,6610cc2c-fc4f-4cb7-a805-2787928614ca,ad705c59-6893-4980-bdbf-0837f1823cc4
363,reselect,4.1.8,Transitive Dependency,MIT License,PERMISSIVE,NOT_REVIEWED,a724c580-2159-4c15-bf9f-69ef62745d7f,3060393c-dce0-4e95-a8c9-c9c6cb9ea9fd,ad705c59-6893-4980-bdbf-0837f1823cc4
364,resolve-from,4.0.0,Transitive Dependency,MIT License,PERMISSIVE,NOT_REVIEWED,3d1df467-7a0a-417c-afac-e36d73a47434,45c41cdb-33ba-4a4b-83c5-584c4a6310f2,ad705c59-6893-4980-bdbf-0837f1823cc4
365,ret.js,0.1.15,Transitive Dependency,MIT License,PERMISSIVE,NOT_REVIEWED,0e89b8dd-af14-42bb-bf56-861d85355fdd,42d93788-2e20-43a6-b93b-1e5e0ae5411a,ad705c59-6893-4980-bdbf-0837f1823cc4
366,robust-predicates,3.0.2,Transitive Dependency,The Unlicense,PERMISSIVE,NOT_REVIEWED,a2588a5e-160f-4f3f-b83f-4f4897abad8f,e54b201b-0379-4b94-bbea-eacb61b45d81,57b1f355-a0a0-4f5e-b4dd-019296e4eda6
367,rw,1.3.3,Transitive Dependency,"BSD 3-clause ""New"" or ""Revised"" License",PERMISSIVE,NOT_REVIEWED,e8f671c8-aad1-4e68-80d1-18272e79cc87,a269a0d5-ac25-48b8-813e-3e3e4dea1c52,3d238144-44e6-450e-b523-3defbdaed9dc
368,safe-buffer,5.2.1,Transitive Dependency,MIT License,PERMISSIVE,NOT_REVIEWED,4fe0a49d-954b-4e9d-aa2b-ef7c16385b38,507117d9-e777-4319-8d03-ef2c030cc58c,ad705c59-6893-4980-bdbf-0837f1823cc4
369,safer-buffer,2.1.2,Transitive Dependency,MIT License,PERMISSIVE,NOT_REVIEWED,bafeb111-9a81-4cab-ac7a-13644b63544f,8dfa4ac0-a6f3-4875-b6f2-33a86bb71689,ad705c59-6893-4980-bdbf-0837f1823cc4
370,samsonjs/format,0.2.2,Transitive Dependency,MIT License,PERMISSIVE,NOT_REVIEWED,f2c809e2-c29c-4786-bdf3-c801f0591083,92c969fd-5f87-4cb0-9f75-82bebe1e1a67,ad705c59-6893-4980-bdbf-0837f1823cc4
371,scheduler,0.23.0,Transitive Dependency,MIT License,PERMISSIVE,NOT_REVIEWED,4396b6c2-c531-4c99-946f-ba962595193d,7960ea65-84ec-43dc-95d6-d2dd6c2b3317,ad705c59-6893-4980-bdbf-0837f1823cc4
372,schema-utils,3.3.0,Transitive Dependency,MIT License,PERMISSIVE,NOT_REVIEWED,55bb09f0-a07d-4f85-b3fc-0db415974dde,0705e991-2490-43ad-9963-21f2e32fa765,ad705c59-6893-4980-bdbf-0837f1823cc4
373,scottmotte/dotenv,16.4.1,Direct Dependency,"BSD 2-clause ""Simplified"" License",PERMISSIVE,NOT_REVIEWED,0bca58eb-fe54-4191-a266-3e8de5d5c6b3,cec8a57a-21e7-4e0e-bc76-fc09e4ef3700,cc875133-df38-4806-9921-473e0ef01a87
374,sindresorhus/electron-dl,3.5.1,Direct Dependency,MIT License,PERMISSIVE,NOT_REVIEWED,eefb4c75-5960-4478-9830-538a2f589caf,f79f1588-be9e-4fdb-9719-05287ce3b64e,ad705c59-6893-4980-bdbf-0837f1823cc4
375,sindresorhus/supports-color,5.5.0,Transitive Dependency,MIT License,PERMISSIVE,NOT_REVIEWED,e12590cf-ba2c-46e1-b047-aa5794025b96,d268b9e9-f266-440b-baa7-9491c0f06377,ad705c59-6893-4980-bdbf-0837f1823cc4
376,sort-keys,1.1.2,Transitive Dependency,MIT License,PERMISSIVE,NOT_REVIEWED,1df4a123-0ad3-4379-aa41-05cae42ec9b9,6f9dc31c-224c-4499-be47-10c2b7b7552e,ad705c59-6893-4980-bdbf-0837f1823cc4
377,sort-keys-length,1.0.1,Transitive Dependency,MIT License,PERMISSIVE,NOT_REVIEWED,898f1142-a0fa-42f9-b3a5-36646f563f31,1b942970-71c6-4183-b1e8-4dc80b068ec4,ad705c59-6893-4980-bdbf-0837f1823cc4
378,source-map,0.5.7,Transitive Dependency,"BSD 3-clause ""New"" or ""Revised"" License",PERMISSIVE,NOT_REVIEWED,01b9c158-0cbb-47b1-be28-735c4d9ad393,34ac153e-f70e-4c2e-b501-20463227662e,3d238144-44e6-450e-b523-3defbdaed9dc
379,space-separated-tokens,1.1.5,Transitive Dependency,MIT License,PERMISSIVE,NOT_REVIEWED,2253cfdf-cdd0-49f3-a551-fff5371d5522,3dd0bbb3-e0b7-4ea5-b620-8052844191d7,ad705c59-6893-4980-bdbf-0837f1823cc4
380,sql-formatter,15.3.1,Direct Dependency,MIT License,PERMISSIVE,NOT_REVIEWED,06ebd328-2e18-49b3-8792-28f24f02e3f9,2d417765-3a9b-4719-9025-c571807d5ae7,ad705c59-6893-4980-bdbf-0837f1823cc4
381,state-local,1.0.7,Transitive Dependency,MIT License,PERMISSIVE,NOT_REVIEWED,31f8fdb6-10ec-49b4-9ebc-dc57e737e74c,f886b78b-aa18-4caf-8042-158d28a5746b,ad705c59-6893-4980-bdbf-0837f1823cc4
382,stream-browserify,3.0.0,Transitive Dependency,MIT License,PERMISSIVE,NOT_REVIEWED,5be5937b-231a-4513-bf95-64ac5b1b20df,c3624e4d-506b-4758-bf90-d9d0178295bd,ad705c59-6893-4980-bdbf-0837f1823cc4
383,stream-chain,2.2.5,Direct Dependency,"BSD 3-clause ""New"" or ""Revised"" License",PERMISSIVE,NOT_REVIEWED,4fcde23c-4d37-4f05-9991-9b4a81c7cd43,ba447828-0132-4a82-808a-0da321dc67b6,3d238144-44e6-450e-b523-3defbdaed9dc
384,stream-json,1.8.0,Direct Dependency,"BSD 3-clause ""New"" or ""Revised"" License",PERMISSIVE,NOT_REVIEWED,4e62ff89-5dfb-43ab-b3df-1744ce28887a,dddd0318-2f56-47b7-bd90-117ecda7acba,3d238144-44e6-450e-b523-3defbdaed9dc
385,strnum,1.0.5,Transitive Dependency,MIT License,PERMISSIVE,NOT_REVIEWED,5583f23d-eab7-4187-ae9a-3558f9622b49,08a15538-2ea0-4da6-8c04-3ef0a551ec2e,ad705c59-6893-4980-bdbf-0837f1823cc4
386,stylis,4.2.0,Transitive Dependency,MIT License,PERMISSIVE,NOT_REVIEWED,b590b15f-4911-4d92-a6e9-5393107f3c3a,757a1f49-7d06-47a9-a6a6-75c9e834912e,ad705c59-6893-4980-bdbf-0837f1823cc4
387,supports-preserve-symlinks-flag,1.0.0,Transitive Dependency,MIT License,PERMISSIVE,NOT_REVIEWED,ca23b937-23d6-41fc-a59b-5bd01c0d6587,75b8dbb2-29a5-424f-8ce1-d74a9b6db003,ad705c59-6893-4980-bdbf-0837f1823cc4
388,tiny-invariant,1.3.1,Transitive Dependency,MIT License,PERMISSIVE,NOT_REVIEWED,15e272b1-f9a5-4905-be60-16b8969c974c,f3929644-0d7e-4619-9007-939df62d8bf0,ad705c59-6893-4980-bdbf-0837f1823cc4
389,to-fast-properties,2.0.0,Transitive Dependency,MIT License,PERMISSIVE,NOT_REVIEWED,e37023a6-1616-4bdd-95ee-872db277c241,ca72f607-336b-4fd7-b203-f4dcdda0d916,ad705c59-6893-4980-bdbf-0837f1823cc4
390,unused-filename,2.1.0,Transitive Dependency,MIT License,PERMISSIVE,NOT_REVIEWED,9f697983-7bdb-491b-9dac-6d480060d825,c17267e8-0968-4170-8c40-01ad244a318e,ad705c59-6893-4980-bdbf-0837f1823cc4
391,uri-js,4.4.1,Transitive Dependency,"BSD 2-clause ""Simplified"" License",PERMISSIVE,NOT_REVIEWED,32acb044-017d-45a6-b19d-227a7a4a537e,ab29df29-e10b-4067-85cc-5af08a119358,cc875133-df38-4806-9921-473e0ef01a87
392,use-sync-external-store,1.2.0,Transitive Dependency,MIT License,PERMISSIVE,NOT_REVIEWED,7186641d-690e-47e6-8ba5-746104142163,c40dcf88-38e1-41a2-ba25-85a548e46c0c,ad705c59-6893-4980-bdbf-0837f1823cc4
393,util-deprecate,1.0.2,Transitive Dependency,MIT License,PERMISSIVE,NOT_REVIEWED,a12ebbc1-7d1b-4bd4-bf7c-3ac986935752,31547c97-cd45-427a-aa1a-2e41235ed080,ad705c59-6893-4980-bdbf-0837f1823cc4
394,uuid,8.3.2,Transitive Dependency,MIT License,PERMISSIVE,NOT_REVIEWED,dc30973b-8e97-4eb2-87c0-3ff25087f6a7,af37c291-e82d-4db9-a453-c5bfe372b4cc,ad705c59-6893-4980-bdbf-0837f1823cc4
395,uuid,9.0.1,Direct Dependency,MIT License,PERMISSIVE,NOT_REVIEWED,dc30973b-8e97-4eb2-87c0-3ff25087f6a7,03336cc5-5492-45fb-9465-1d34e15da355,ad705c59-6893-4980-bdbf-0837f1823cc4
396,victory,36.8.4,Transitive Dependency,MIT License,PERMISSIVE,NOT_REVIEWED,27b6ace2-0bad-4b03-a31a-22904df36a49,fe1c6cc7-fe8b-4972-a3fc-55448aaa517d,ad705c59-6893-4980-bdbf-0837f1823cc4
397,warning,4.0.3,Transitive Dependency,MIT License,PERMISSIVE,NOT_REVIEWED,763ae68a-7471-4fd9-948c-8bc386eef131,bf0d2eef-f368-4304-94fb-f4787b2c7fd4,ad705c59-6893-4980-bdbf-0837f1823cc4
398,webpack/loader-utils,2.0.4,Transitive Dependency,MIT License,PERMISSIVE,NOT_REVIEWED,576a8e04-8944-4817-a922-cdb87a8deea5,55196566-7a76-48df-9f42-fcb2da6d9bf8,ad705c59-6893-4980-bdbf-0837f1823cc4
399,wrappy,1.0.2,Transitive Dependency,ISC License,PERMISSIVE,NOT_REVIEWED,cee8612c-fd14-435d-87d4-758ecde0cc39,ca7f5eee-bc6b-4788-b21b-9b411577ebad,14b0b50b-acd2-4fc8-ac65-3b15f9e58260
400,xtend,4.0.2,Transitive Dependency,MIT License,PERMISSIVE,NOT_REVIEWED,f967d072-f315-4024-a059-138e37f9b411,002f20cf-3a86-4e16-a6de-5900901faa07,ad705c59-6893-4980-bdbf-0837f1823cc4
401,yaml,1.10.2,Transitive Dependency,ISC License,PERMISSIVE,NOT_REVIEWED,4fd2889e-1952-46f3-bd81-2ae55ec9a6d9,fa91bf70-d968-41eb-98b6-dcb410e06eca,14b0b50b-acd2-4fc8-ac65-3b15f9e58260
402,yauzl,2.10.0,Transitive Dependency,MIT License,PERMISSIVE,NOT_REVIEWED,08a7ff56-05d4-4f11-ae23-6f183acd78ed,05ccc3d7-adac-4022-b086-73033f6787ae,ad705c59-6893-4980-bdbf-0837f1823cc4
403,zeekay/highlight.js,10.7.3,Transitive Dependency,"BSD 3-clause ""New"" or ""Revised"" License",PERMISSIVE,NOT_REVIEWED,a6b476dc-934b-4078-8766-36a54e859ecb,9f8460c8-ff4d-41f3-a395-574e05af208c,3d238144-44e6-450e-b523-3defbdaed9dc
404,zustand,4.5.0,Direct Dependency,MIT License,PERMISSIVE,NOT_REVIEWED,b52a5153-50e7-462f-a7cd-334d65c6773d,d97a10f5-90b0-4959-86f3-853c0d97239c,ad705c59-6893-4980-bdbf-0837f1823cc4
