Used by,Component id,Version id,Component name,Component version name,Channel versions,License ids,License names,License families,Match type,Producer match type,Usage,In use,Operational Risk,Component policy status,Overridden By,Created At,Origin name,Origin id,Review Status,Reviewed by,Reviewed at,Project path,Source/Type,Snippet Review status,File Match Count,License Risk,Component Status,Component Notes,Fulfillment Required,Version Notes,Critical Vulnerability Count,High Vulnerability Count,Medium Vulnerability Count,Low Vulnerability Count,Release Date,Newer Versions,Commit Activity,Commits in Past 12 Months,Contributors in Past 12 Months,Deep License Ids,Deep License Names,Deep License Families,Comments
,7c4149c8-ba40-4104-8dca-c0052ef3eafb,528a36b9-d858-44af-a316-a9af3b67c8bd,AOP Alliance (Java/J2EE AOP standard),1.0,1.0,d26bcb7d-5bc8-4f05-8942-a3a42728a2e4,Public Domain,PERMISSIVE,Transitive Dependency,,DYNAMICALLY_LINKED,true,HIGH,Not In Violation,,7/20/21,maven,aopalliance:aopalliance:1.0,NOT_REVIEWED,,,couchbase-connector-elasticsearch 4.2.11,KB_COMPONENT,,1,OK,UNREVIEWED,,UNREVIEWED,,0,0,0,0,3/22/04,4,STABLE,0,0,,,,
,c2b15617-e7aa-4999-b5eb-b232cfb51de1,d7610700-ec52-450f-8416-ea3b973a92c2,AWS SDK for Java - Core,1.11.642,1.11.642,7cae335f-1193-421e-92f1-8802b4243e93,Apache License 2.0,PERMISSIVE,Direct Dependency,,DYNAMICALLY_LINKED,true,MEDIUM,Not In Violation,,7/20/21,maven,com.amazonaws:aws-java-sdk-core:1.11.642,NOT_REVIEWED,,,couchbase-connector-elasticsearch 4.2.11,KB_COMPONENT,,1,OK,UNREVIEWED,,UNREVIEWED,,0,0,0,0,9/30/19,476,,,,,,,
,07731f32-a0f0-4485-8d90-1f0bbdc8185d,0fbcc76b-45d6-4476-9bbf-64dc341ef9ce,Animal Sniffer Annotations,1.17,1.17,ad705c59-6893-4980-bdbf-0837f1823cc4,MIT License,PERMISSIVE,Transitive Dependency,,DYNAMICALLY_LINKED,true,MEDIUM,Not In Violation,,7/20/21,maven,org.codehaus.mojo:animal-sniffer-annotations:1.17,NOT_REVIEWED,,,couchbase-connector-elasticsearch 4.2.11,KB_COMPONENT,,1,OK,UNREVIEWED,,UNREVIEWED,,0,0,0,0,6/21/18,5,,,,,,,
,dc3dee66-4939-4dea-b22f-ead288b4f117,f9e2e6ff-7340-4fb3-a29f-a6fa98a10bfe,Apache Commons Codec,1.11,1.11,7cae335f-1193-421e-92f1-8802b4243e93,Apache License 2.0,PERMISSIVE,Transitive Dependency,,DYNAMICALLY_LINKED,true,HIGH,Not In Violation,,10/15/21,maven,commons-codec:commons-codec:1.11,NOT_REVIEWED,,,couchbase-connector-elasticsearch 4.2.11,KB_COMPONENT,,1,OK,UNREVIEWED,,UNREVIEWED,,0,0,0,0,10/17/17,26,INCREASING,154,2,,,,
,9c0920e4-104a-448e-8192-866544b75890,b164da8b-f95d-4a31-8b03-3a6261bf3c90,Apache Commons Lang,3.8.1,3.8.1,7cae335f-1193-421e-92f1-8802b4243e93,Apache License 2.0,PERMISSIVE,Transitive Dependency,,DYNAMICALLY_LINKED,true,MEDIUM,Not In Violation,,9/22/21,maven,org.apache.commons:commons-lang3:3.8.1,NOT_REVIEWED,,,couchbase-connector-elasticsearch 4.2.11,KB_COMPONENT,,1,OK,UNREVIEWED,,UNREVIEWED,,0,0,0,0,9/19/18,19,STABLE,416,25,,,,
,f2c3b205-3e60-4d6c-a8ac-7d044b30f7c6,966fad7f-f149-4885-bb25-7d1d8e59f4ba,Apache Commons Text,1.6,1.6,7cae335f-1193-421e-92f1-8802b4243e93,Apache License 2.0,PERMISSIVE,Transitive Dependency,,DYNAMICALLY_LINKED,true,MEDIUM,Not In Violation,,7/20/21,maven,org.apache.commons:commons-text:1.6,NOT_REVIEWED,,,couchbase-connector-elasticsearch 4.2.11,KB_COMPONENT,,1,OK,UNREVIEWED,,UNREVIEWED,,0,0,0,0,10/11/18,9,,,,,,,
,f624d758-10d3-449d-96d2-d4fc12499fda,e1c2c660-3861-45c2-9f40-b4de4decdd4e,Apache HttpClient,4.5.9,4.5.9,7cae335f-1193-421e-92f1-8802b4243e93,Apache License 2.0,PERMISSIVE,Transitive Dependency,,DYNAMICALLY_LINKED,true,HIGH,Not In Violation,,10/11/21,maven,org.apache.httpcomponents:httpclient:4.5.9,NOT_REVIEWED,,,couchbase-connector-elasticsearch 4.2.11,KB_COMPONENT,,1,OK,UNREVIEWED,,UNREVIEWED,,0,0,1,0,6/7/19,32,STABLE,0,0,,,,
,a718bf9d-062d-4a63-a989-c232825a5d0d,d23a1304-26a2-448e-b6e5-bec90b276ab6,Apache HttpComponents AsyncClient,4.1.2,4.1.2,7cae335f-1193-421e-92f1-8802b4243e93,Apache License 2.0,PERMISSIVE,Transitive Dependency,,DYNAMICALLY_LINKED,true,HIGH,Not In Violation,,7/20/21,maven,org.apache.httpcomponents:httpasyncclient:4.1.2,NOT_REVIEWED,,,couchbase-connector-elasticsearch 4.2.11,KB_COMPONENT,,1,OK,UNREVIEWED,,UNREVIEWED,,0,0,0,0,6/18/16,5,,,,,,,
,ca433569-ea2e-4c78-b53d-106843ec1f58,2ccb68f4-1676-456a-8b8b-4adecd2404e6,Apache HttpComponents Core,4.4.11,4.4.11,7cae335f-1193-421e-92f1-8802b4243e93,Apache License 2.0,PERMISSIVE,Transitive Dependency,,DYNAMICALLY_LINKED,true,HIGH,Not In Violation,,10/11/21,maven,org.apache.httpcomponents:httpcore:4.4.11,NOT_REVIEWED,,,couchbase-connector-elasticsearch 4.2.11,KB_COMPONENT,,1,OK,UNREVIEWED,,UNREVIEWED,,0,0,0,0,1/15/19,46,STABLE,0,0,,,,
,ca433569-ea2e-4c78-b53d-106843ec1f58,ee959c97-23c1-4f48-ac9e-c107956b1423,Apache HttpComponents Core,4.4.5,4.4.5,7cae335f-1193-421e-92f1-8802b4243e93,Apache License 2.0,PERMISSIVE,Transitive Dependency,,DYNAMICALLY_LINKED,true,HIGH,Not In Violation,,7/20/21,maven,org.apache.httpcomponents:httpcore-nio:4.4.5,NOT_REVIEWED,,,couchbase-connector-elasticsearch 4.2.11,KB_COMPONENT,,1,OK,UNREVIEWED,,UNREVIEWED,,0,0,0,0,6/7/16,78,STABLE,0,0,,,,
,7460c937-f013-4c3a-bdf3-ace04cfd0304,421624ce-b105-4465-8dea-594f88a9bcb4,Apache Log4j,2.11.2,2.11.2,7cae335f-1193-421e-92f1-8802b4243e93,Apache License 2.0,PERMISSIVE,Transitive Dependency,,DYNAMICALLY_LINKED,true,MEDIUM,Not In Violation,,7/20/21,maven,org.apache.logging.log4j:log4j-core:2.11.2,NOT_REVIEWED,,,couchbase-connector-elasticsearch 4.2.11,KB_COMPONENT,,1,OK,UNREVIEWED,,UNREVIEWED,,0,0,1,0,2/5/19,29,DECREASING,224,38,,,,
,9f74f66e-5c27-48d0-9083-e31e3563b7b2,4c0e7a08-ed93-4db2-9765-8ee01c1d36ec,Apache Lucene,7.7.0,7.7.0,7cae335f-1193-421e-92f1-8802b4243e93,Apache License 2.0,PERMISSIVE,Transitive Dependency,,DYNAMICALLY_LINKED,true,MEDIUM,Not In Violation,,7/20/21,maven,org.apache.lucene:lucene-core:7.7.0,NOT_REVIEWED,,,couchbase-connector-elasticsearch 4.2.11,KB_COMPONENT,,1,OK,UNREVIEWED,,UNREVIEWED,,0,0,0,0,2/8/19,1873,DECREASING,1614,106,,,,
,eaa5708e-b763-44f0-8091-2cdf7bac1cd0,8ac31ae2-f05a-46ae-8e79-79b9ab89bef3,Checker Qual,2.5.2,2.5.2,ad705c59-6893-4980-bdbf-0837f1823cc4,MIT License,PERMISSIVE,Transitive Dependency,,DYNAMICALLY_LINKED,true,MEDIUM,Not In Violation,,7/20/21,maven,org.checkerframework:checker-qual:2.5.2,NOT_REVIEWED,,,couchbase-connector-elasticsearch 4.2.11,KB_COMPONENT,,1,OK,UNREVIEWED,,UNREVIEWED,,0,0,0,0,5/31/18,42,,,,,,,
,30d590c1-d341-4af5-a3f9-652704e3d9fd,024c5641-c814-4184-ad76-d0279ab4ee54,Converter: Jackson,2.5.0,2.5.0,7cae335f-1193-421e-92f1-8802b4243e93,Apache License 2.0,PERMISSIVE,Transitive Dependency,,DYNAMICALLY_LINKED,true,MEDIUM,Not In Violation,,7/20/21,maven,com.squareup.retrofit2:converter-jackson:2.5.0,NOT_REVIEWED,,,couchbase-connector-elasticsearch 4.2.11,KB_COMPONENT,,1,OK,UNREVIEWED,,UNREVIEWED,,0,0,0,0,11/18/18,12,,,,,,,
,72ed568b-e849-4f92-a4d1-df220cb2a423,dce9c0e8-802e-4b6b-94ba-8b0ceb4a1931,Couchbase JVM Core IO,2.1.3,2.1.3,7cae335f-1193-421e-92f1-8802b4243e93,Apache License 2.0,PERMISSIVE,Transitive Dependency,,DYNAMICALLY_LINKED,true,LOW,Not In Violation,,7/20/21,maven,com.couchbase.client:core-io:2.1.3,NOT_REVIEWED,,,couchbase-connector-elasticsearch 4.2.11,KB_COMPONENT,,1,OK,UNREVIEWED,,UNREVIEWED,,0,0,0,0,3/2/21,9,,,,,,,
,24d30cc9-59fe-47e8-9672-b5b99f76eaec,e0728376-977e-46b9-808b-cbbc89ec7a16,Couchbase Java SDK,3.1.3,3.1.3,7cae335f-1193-421e-92f1-8802b4243e93,Apache License 2.0,PERMISSIVE,Direct Dependency,,DYNAMICALLY_LINKED,true,LOW,Not In Violation,,7/20/21,maven,com.couchbase.client:java-client:3.1.3,NOT_REVIEWED,,,couchbase-connector-elasticsearch 4.2.11,KB_COMPONENT,,1,OK,UNREVIEWED,,UNREVIEWED,,0,0,0,0,3/2/21,9,,,,,,,
,cde0b059-8df2-4ee1-a02c-1ad9f9ebc3a0,48a46bcc-51ed-48f3-9d95-7a2f7eadd3af,Elastic JNA Distribution,4.5.1,4.5.1,7cae335f-1193-421e-92f1-8802b4243e93,Apache License 2.0,PERMISSIVE,Transitive Dependency,,DYNAMICALLY_LINKED,true,MEDIUM,Not In Violation,,7/20/21,maven,org.elasticsearch:jna:4.5.1,NOT_REVIEWED,,,couchbase-connector-elasticsearch 4.2.11,KB_COMPONENT,,1,OK,UNREVIEWED,,UNREVIEWED,,0,0,0,0,1/11/18,3,,,,,,,
,761bf1a2-49a5-48d4-b319-08d7cce5fec8,88c55275-f0c2-4c34-b69d-029238e6a2d7,Elasticsearch,6.7.1,6.7.1,7cae335f-1193-421e-92f1-8802b4243e93,Apache License 2.0,PERMISSIVE,"Direct Dependency,Transitive Dependency",,DYNAMICALLY_LINKED,true,MEDIUM,Not In Violation,,7/20/21,"maven, maven","org.elasticsearch:elasticsearch:6.7.1, org.elasticsearch.client:elasticsearch-rest-high-level-client:6.7.1",NOT_REVIEWED,,,couchbase-connector-elasticsearch 4.2.11,KB_COMPONENT,,1,OK,UNREVIEWED,,UNREVIEWED,,0,0,10,1,4/2/19,100,STABLE,6105,245,,,,
,1dd30afc-69b6-450f-b52f-f7c757fef842,56ab9f83-8fed-48fd-a1a4-e0450d871a7a,FindBugs jsr305,3.0.2,3.0.2,7cae335f-1193-421e-92f1-8802b4243e93,Apache License 2.0,PERMISSIVE,Transitive Dependency,,DYNAMICALLY_LINKED,true,HIGH,Not In Violation,,9/22/21,maven,com.google.code.findbugs:jsr305:3.0.2,NOT_REVIEWED,,,couchbase-connector-elasticsearch 4.2.11,KB_COMPONENT,,1,OK,UNREVIEWED,,UNREVIEWED,,0,0,0,0,3/30/17,2,STABLE,0,0,,,,
,71ba0e56-32eb-4c4e-9cdc-c68e4b809911,87b54cc4-f37f-42fd-abf2-985872b8fdee,Guava InternalFutureFailureAccess and InternalFutures,1.0.1,1.0.1,7cae335f-1193-421e-92f1-8802b4243e93,Apache License 2.0,PERMISSIVE,Transitive Dependency,,DYNAMICALLY_LINKED,true,OK,Not In Violation,,7/20/21,maven,com.google.guava:failureaccess:1.0.1,NOT_REVIEWED,,,couchbase-connector-elasticsearch 4.2.11,KB_COMPONENT,,1,OK,UNREVIEWED,,UNREVIEWED,,0,0,0,0,11/19/18,0,,,,,,,
,a6d54d5e-a933-4b78-8880-f20eebf8eb0d,e094ab0f-0e6c-4477-8177-be5d87619087,Guava ListenableFuture only,9999.0-empty-to-avoid-conflict-with-guava,9999.0-empty-to-avoid-conflict-with-guava,7cae335f-1193-421e-92f1-8802b4243e93,Apache License 2.0,PERMISSIVE,Transitive Dependency,,DYNAMICALLY_LINKED,true,OK,Not In Violation,,7/20/21,maven,com.google.guava:listenablefuture:9999.0-empty-to-avoid-conflict-with-guava,NOT_REVIEWED,,,couchbase-connector-elasticsearch 4.2.11,KB_COMPONENT,,1,OK,UNREVIEWED,,UNREVIEWED,,0,0,0,0,9/11/18,1,,,,,,,
,2f0a32a0-f5c6-45d7-858c-b8a5d922633d,e3c470a2-5a7a-4a6d-8428-b06ca9827df1,Guava: Google Core Libraries for Java,v27.1,27.1-jre,7cae335f-1193-421e-92f1-8802b4243e93,Apache License 2.0,PERMISSIVE,Transitive Dependency,,DYNAMICALLY_LINKED,true,MEDIUM,Not In Violation,,10/9/21,maven,com.google.guava:guava:27.1-jre,NOT_REVIEWED,,,couchbase-connector-elasticsearch 4.2.11,KB_COMPONENT,,1,OK,UNREVIEWED,,UNREVIEWED,,0,0,0,1,3/8/19,22,STABLE,319,97,,,,
,1df49660-51e8-4c04-b38b-7c7a59f20576,e996ae97-5202-4b7c-850d-86c26d7e4b52,HPPC,0.7.1,0.7.1,7cae335f-1193-421e-92f1-8802b4243e93,Apache License 2.0,PERMISSIVE,Transitive Dependency,,DYNAMICALLY_LINKED,true,HIGH,Not In Violation,,7/20/21,maven,com.carrotsearch:hppc:0.7.1,NOT_REVIEWED,,,couchbase-connector-elasticsearch 4.2.11,KB_COMPONENT,,1,OK,UNREVIEWED,,UNREVIEWED,,0,0,0,0,5/6/15,8,,,,,,,
,cb1dd6e6-4d90-4aff-9a45-2b8f6979e7cc,3bc817e9-60e6-449a-b0e4-fc2155157579,HdrHistogram,2.1.12,2.1.12,"cc875133-df38-4806-9921-473e0ef01a87,bfbd4bfa-5f71-4a23-9a23-4ac267626b34","(BSD 2-clause ""Simplified"" License AND Creative Commons Public Domain Dedication and Certification)",PERMISSIVE,Transitive Dependency,,DYNAMICALLY_LINKED,true,HIGH,Not In Violation,,10/9/21,maven,org.hdrhistogram:HdrHistogram:2.1.12,NOT_REVIEWED,,,couchbase-connector-elasticsearch 4.2.11,KB_COMPONENT,,1,OK,UNREVIEWED,,UNREVIEWED,,0,0,0,0,12/10/19,0,DECREASING,16,4,,,,
,68f02bba-b8bf-4ff1-8690-2a497ce37818,8fbc18c4-c5e6-44fd-bccc-eaf18056e486,J2ObjC Annotations,1.1,1.1,7cae335f-1193-421e-92f1-8802b4243e93,Apache License 2.0,PERMISSIVE,Transitive Dependency,,DYNAMICALLY_LINKED,true,MEDIUM,Not In Violation,,7/20/21,maven,com.google.j2objc:j2objc-annotations:1.1,NOT_REVIEWED,,,couchbase-connector-elasticsearch 4.2.11,KB_COMPONENT,,1,OK,UNREVIEWED,,UNREVIEWED,,0,0,0,0,7/26/16,2,,,,,,,
,abc0a614-e914-4c38-8ae2-b95360614f93,c1d454b5-a607-40de-a103-192d8bb1dc83,JCL 1.2 Implemented Over SLF4J,1.7.25,1.7.25,ad705c59-6893-4980-bdbf-0837f1823cc4,MIT License,PERMISSIVE,Direct Dependency,,DYNAMICALLY_LINKED,true,HIGH,Not In Violation,,7/20/21,maven,org.slf4j:jcl-over-slf4j:1.7.25,NOT_REVIEWED,,,couchbase-connector-elasticsearch 4.2.11,KB_COMPONENT,,1,OK,UNREVIEWED,,UNREVIEWED,,0,0,0,0,3/15/17,20,,,,,,,
,6c84bebc-ba4c-4638-adde-5b99943d686b,f951ca97-7346-4b66-84f7-0c7be213697e,JOpt Simple,5.0.4,5.0.4,ad705c59-6893-4980-bdbf-0837f1823cc4,MIT License,PERMISSIVE,Transitive Dependency,,DYNAMICALLY_LINKED,true,HIGH,Not In Violation,,7/20/21,maven,net.sf.jopt-simple:jopt-simple:5.0.4,NOT_REVIEWED,,,couchbase-connector-elasticsearch 4.2.11,KB_COMPONENT,,1,OK,UNREVIEWED,,UNREVIEWED,,0,0,0,0,7/13/17,3,INCREASING,16,3,,,,
,e8224b31-e5e5-4028-8cf6-5a32e8a9a6f0,037a3864-8dc3-42fd-a84d-7caceb4fdadd,JVM Integration for Metrics,4.1.0,4.1.0,7cae335f-1193-421e-92f1-8802b4243e93,Apache License 2.0,PERMISSIVE,Direct Dependency,,DYNAMICALLY_LINKED,true,MEDIUM,Not In Violation,,7/20/21,maven,io.dropwizard.metrics:metrics-jvm:4.1.0,NOT_REVIEWED,,,couchbase-connector-elasticsearch 4.2.11,KB_COMPONENT,,1,OK,UNREVIEWED,,UNREVIEWED,,0,0,0,0,5/5/19,42,,,,,,,
,c2af2e8c-2aab-4669-97d2-9e19d6bd27da,a97b0728-ebb9-4007-9be5-45cc30c913fa,Jackson Integration for Metrics,4.1.0,4.1.0,7cae335f-1193-421e-92f1-8802b4243e93,Apache License 2.0,PERMISSIVE,Direct Dependency,,DYNAMICALLY_LINKED,true,MEDIUM,Not In Violation,,7/20/21,maven,io.dropwizard.metrics:metrics-json:4.1.0,NOT_REVIEWED,,,couchbase-connector-elasticsearch 4.2.11,KB_COMPONENT,,1,OK,UNREVIEWED,,UNREVIEWED,,0,0,0,0,5/5/19,42,,,,,,,
,d216126e-9670-4663-9027-49bc98e24754,44c99bf8-0acf-40e5-9502-c97c861597e6,Jackson dataformats: Binary,2.8.11,2.8.11,7cae335f-1193-421e-92f1-8802b4243e93,Apache License 2.0,PERMISSIVE,Transitive Dependency,,DYNAMICALLY_LINKED,true,MEDIUM,Not In Violation,,10/5/21,maven,com.fasterxml.jackson.dataformat:jackson-dataformat-cbor:2.8.11,NOT_REVIEWED,,,couchbase-connector-elasticsearch 4.2.11,KB_COMPONENT,,1,OK,UNREVIEWED,,UNREVIEWED,,0,0,1,0,12/22/17,34,,,,,,,
,93477a6b-05b7-4f6f-a576-818aba23378f,023003ba-6139-4cb2-a9f6-9a939d441bd8,Jackson-datatype-jdk8,2.9.8,2.9.8,7cae335f-1193-421e-92f1-8802b4243e93,Apache License 2.0,PERMISSIVE,Transitive Dependency,,DYNAMICALLY_LINKED,true,MEDIUM,Not In Violation,,7/20/21,maven,com.fasterxml.jackson.datatype:jackson-datatype-jdk8:2.9.8,NOT_REVIEWED,,,couchbase-connector-elasticsearch 4.2.11,KB_COMPONENT,,1,OK,UNREVIEWED,,UNREVIEWED,,0,0,0,0,12/15/18,28,,,,,,,
,d70e298c-686c-4c33-8605-e8c55124ffe2,9fe640b5-aa52-429c-b167-6877cc51a445,Jackson-module-parameter-names,2.9.4,2.9.4,7cae335f-1193-421e-92f1-8802b4243e93,Apache License 2.0,PERMISSIVE,Transitive Dependency,,DYNAMICALLY_LINKED,true,MEDIUM,Not In Violation,,7/20/21,maven,com.fasterxml.jackson.module:jackson-module-parameter-names:2.9.4,NOT_REVIEWED,,,couchbase-connector-elasticsearch 4.2.11,KB_COMPONENT,,1,OK,UNREVIEWED,,UNREVIEWED,,0,0,0,0,1/23/18,32,,,,,,,
,a67e87fa-f848-40b4-bcf5-2aedb5bc2b31,736c75e1-4bf1-43df-a07e-cf22d9f03d56,Joda Time,2.10.1,2.10.1,7cae335f-1193-421e-92f1-8802b4243e93,Apache License 2.0,PERMISSIVE,Transitive Dependency,,DYNAMICALLY_LINKED,true,HIGH,Not In Violation,,10/5/21,maven,joda-time:joda-time:2.10.1,NOT_REVIEWED,,,couchbase-connector-elasticsearch 4.2.11,KB_COMPONENT,,1,OK,UNREVIEWED,,UNREVIEWED,,0,0,0,0,10/27/18,16,INCREASING,27,5,,,,
,874c05c9-ed80-4f4b-a936-f00eb05b72e6,e93456bb-8d51-4be1-a5c0-57af8aaa218c,LatencyUtils,2.0.3,2.0.3,bfbd4bfa-5f71-4a23-9a23-4ac267626b34,Creative Commons Public Domain Dedication and Certification,PERMISSIVE,Transitive Dependency,,DYNAMICALLY_LINKED,true,HIGH,Not In Violation,,7/20/21,maven,org.latencyutils:LatencyUtils:2.0.3,NOT_REVIEWED,,,couchbase-connector-elasticsearch 4.2.11,KB_COMPONENT,,1,OK,UNREVIEWED,,UNREVIEWED,,0,0,0,0,12/14/15,0,STABLE,2,1,,,,
,44d8c92a-f682-4904-b571-c83f83ae1a91,8d50ec6b-bbbc-4b70-89dc-564668a72ce1,Log4J API,2.11.2,2.11.2,7cae335f-1193-421e-92f1-8802b4243e93,Apache License 2.0,PERMISSIVE,Transitive Dependency,,DYNAMICALLY_LINKED,true,MEDIUM,Not In Violation,,10/5/21,maven,org.apache.logging.log4j:log4j-api:2.11.2,NOT_REVIEWED,,,couchbase-connector-elasticsearch 4.2.11,KB_COMPONENT,,1,OK,UNREVIEWED,,UNREVIEWED,,0,0,0,0,2/5/19,8,,,,,,,
,0c7335db-d7d9-497d-a447-7964ed970bfa,4f95f775-734f-4774-8454-83dcce564cba,Lucene Analyzers,7.7.0,7.7.0,7cae335f-1193-421e-92f1-8802b4243e93,Apache License 2.0,PERMISSIVE,Transitive Dependency,,DYNAMICALLY_LINKED,true,MEDIUM,Not In Violation,,7/20/21,maven,org.apache.lucene:lucene-analyzers-common:7.7.0,NOT_REVIEWED,,,couchbase-connector-elasticsearch 4.2.11,KB_COMPONENT,,1,OK,UNREVIEWED,,UNREVIEWED,,0,0,0,0,2/8/19,1659,,,,,,,
,ebfa12fc-e1d8-4a4e-a131-2b5e22309b62,ed5cd52e-1acc-4fea-abc5-c08f3e980dcc,Lucene Grouping,7.7.0,7.7.0,7cae335f-1193-421e-92f1-8802b4243e93,Apache License 2.0,PERMISSIVE,Transitive Dependency,,DYNAMICALLY_LINKED,true,MEDIUM,Not In Violation,,7/20/21,maven,org.apache.lucene:lucene-grouping:7.7.0,NOT_REVIEWED,,,couchbase-connector-elasticsearch 4.2.11,KB_COMPONENT,,1,OK,UNREVIEWED,,UNREVIEWED,,0,0,0,0,2/8/19,1659,,,,,,,
,6483a8a8-fff1-4854-9706-97735311bdff,2c6ade15-fe07-4f2b-a778-70caaf2aee28,Lucene Highlighter,7.7.0,7.7.0,7cae335f-1193-421e-92f1-8802b4243e93,Apache License 2.0,PERMISSIVE,Transitive Dependency,,DYNAMICALLY_LINKED,true,MEDIUM,Not In Violation,,7/20/21,maven,org.apache.lucene:lucene-highlighter:7.7.0,NOT_REVIEWED,,,couchbase-connector-elasticsearch 4.2.11,KB_COMPONENT,,1,OK,UNREVIEWED,,UNREVIEWED,,0,0,0,0,2/8/19,1659,,,,,,,
,7e164dcd-d9b2-48b5-aae6-007ae577cf26,4dcaea3d-da87-42f5-90f6-71e2ffed4607,Lucene Join,7.7.0,7.7.0,7cae335f-1193-421e-92f1-8802b4243e93,Apache License 2.0,PERMISSIVE,Transitive Dependency,,DYNAMICALLY_LINKED,true,MEDIUM,Not In Violation,,7/20/21,maven,org.apache.lucene:lucene-join:7.7.0,NOT_REVIEWED,,,couchbase-connector-elasticsearch 4.2.11,KB_COMPONENT,,1,OK,UNREVIEWED,,UNREVIEWED,,0,0,0,0,2/8/19,1659,,,,,,,
,74197add-a6b6-491a-ace3-65779db67ad2,5151ccc1-9f53-43fe-8186-6a85c9348a77,Lucene Memory,7.7.0,7.7.0,7cae335f-1193-421e-92f1-8802b4243e93,Apache License 2.0,PERMISSIVE,Transitive Dependency,,DYNAMICALLY_LINKED,true,MEDIUM,Not In Violation,,7/20/21,"maven, maven","org.apache.lucene:lucene-memory:7.7.0, org.apache.lucene:lucene-backward-codecs:7.7.0",NOT_REVIEWED,,,couchbase-connector-elasticsearch 4.2.11,KB_COMPONENT,,1,OK,UNREVIEWED,,UNREVIEWED,,0,0,0,0,2/8/19,1659,,,,,,,
,36198224-1d81-43af-a2ae-9724b43c32e7,0fc58fe1-a673-458a-8711-4b6de432aa1d,Lucene Miscellaneous,7.7.0,7.7.0,7cae335f-1193-421e-92f1-8802b4243e93,Apache License 2.0,PERMISSIVE,Transitive Dependency,,DYNAMICALLY_LINKED,true,MEDIUM,Not In Violation,,7/20/21,maven,org.apache.lucene:lucene-misc:7.7.0,NOT_REVIEWED,,,couchbase-connector-elasticsearch 4.2.11,KB_COMPONENT,,1,OK,UNREVIEWED,,UNREVIEWED,,0,0,0,0,2/8/19,1658,,,,,,,
,5e7f2d44-a23f-4e97-9bce-39357941a406,faeffcfa-e3aa-4afe-b160-bdbf901c744b,Lucene Queries,7.7.0,7.7.0,7cae335f-1193-421e-92f1-8802b4243e93,Apache License 2.0,PERMISSIVE,Transitive Dependency,,DYNAMICALLY_LINKED,true,MEDIUM,Not In Violation,,7/20/21,maven,org.apache.lucene:lucene-queries:7.7.0,NOT_REVIEWED,,,couchbase-connector-elasticsearch 4.2.11,KB_COMPONENT,,1,OK,UNREVIEWED,,UNREVIEWED,,0,0,0,0,2/8/19,1658,,,,,,,
,ac54138b-6aee-4aec-97d1-6996e1441958,2df86e90-158c-4232-b498-2421846f13fe,Lucene Query Parser,7.7.0,7.7.0,7cae335f-1193-421e-92f1-8802b4243e93,Apache License 2.0,PERMISSIVE,Transitive Dependency,,DYNAMICALLY_LINKED,true,MEDIUM,Not In Violation,,7/20/21,maven,org.apache.lucene:lucene-queryparser:7.7.0,NOT_REVIEWED,,,couchbase-connector-elasticsearch 4.2.11,KB_COMPONENT,,1,OK,UNREVIEWED,,UNREVIEWED,,0,0,0,0,2/8/19,1660,,,,,,,
,723f538a-7f13-4b91-951a-011c85d06447,61a6e78d-63a4-49ee-82b7-f9f70b2ec95d,Lucene Sandbox,7.7.0,7.7.0,7cae335f-1193-421e-92f1-8802b4243e93,Apache License 2.0,PERMISSIVE,Transitive Dependency,,DYNAMICALLY_LINKED,true,MEDIUM,Not In Violation,,7/20/21,maven,org.apache.lucene:lucene-sandbox:7.7.0,NOT_REVIEWED,,,couchbase-connector-elasticsearch 4.2.11,KB_COMPONENT,,1,OK,UNREVIEWED,,UNREVIEWED,,0,0,0,0,2/8/19,1658,,,,,,,
,6213a29d-fcc8-46a1-a947-103629f28f1e,c824e2dc-7f99-4815-a09c-f3f8d905dd13,Lucene Spatial,7.7.0,7.7.0,7cae335f-1193-421e-92f1-8802b4243e93,Apache License 2.0,PERMISSIVE,Transitive Dependency,,DYNAMICALLY_LINKED,true,MEDIUM,Not In Violation,,7/20/21,maven,org.apache.lucene:lucene-spatial:7.7.0,NOT_REVIEWED,,,couchbase-connector-elasticsearch 4.2.11,KB_COMPONENT,,1,OK,UNREVIEWED,,UNREVIEWED,,0,0,0,0,2/8/19,362,,,,,,,
,ae52629e-d8a8-481a-b498-dc35b4d92fcb,81604773-35d2-4a7c-b497-6a23c1138965,Lucene Spatial 3D,7.7.0,7.7.0,7cae335f-1193-421e-92f1-8802b4243e93,Apache License 2.0,PERMISSIVE,Transitive Dependency,,DYNAMICALLY_LINKED,true,MEDIUM,Not In Violation,,7/20/21,maven,org.apache.lucene:lucene-spatial3d:7.7.0,NOT_REVIEWED,,,couchbase-connector-elasticsearch 4.2.11,KB_COMPONENT,,1,OK,UNREVIEWED,,UNREVIEWED,,0,0,0,0,2/8/19,1654,,,,,,,
,7247f22a-5146-4e73-a4a8-641d12f159ec,a9029ce7-2303-4d1d-9ead-49fb70101841,Lucene Spatial Extras,7.7.0,7.7.0,7cae335f-1193-421e-92f1-8802b4243e93,Apache License 2.0,PERMISSIVE,Transitive Dependency,,DYNAMICALLY_LINKED,true,MEDIUM,Not In Violation,,7/20/21,maven,org.apache.lucene:lucene-spatial-extras:7.7.0,NOT_REVIEWED,,,couchbase-connector-elasticsearch 4.2.11,KB_COMPONENT,,1,OK,UNREVIEWED,,UNREVIEWED,,0,0,0,0,2/8/19,1654,,,,,,,
,19187a71-6dac-45e3-b9a8-7c355706002a,50b5b45c-0f54-4c6c-b9db-25579c6db48f,Lucene Suggest,7.7.0,7.7.0,7cae335f-1193-421e-92f1-8802b4243e93,Apache License 2.0,PERMISSIVE,Transitive Dependency,,DYNAMICALLY_LINKED,true,MEDIUM,Not In Violation,,7/20/21,maven,org.apache.lucene:lucene-suggest:7.7.0,NOT_REVIEWED,,,couchbase-connector-elasticsearch 4.2.11,KB_COMPONENT,,1,OK,UNREVIEWED,,UNREVIEWED,,0,0,0,0,2/8/19,1658,,,,,,,
,c55ce524-78b7-48ed-b071-7c6c7c085bae,d2e634ae-c409-46c7-a2f3-87af4c491682,Metrics Core,4.1.0,4.1.0,7cae335f-1193-421e-92f1-8802b4243e93,Apache License 2.0,PERMISSIVE,Transitive Dependency,,DYNAMICALLY_LINKED,true,MEDIUM,Not In Violation,,8/14/21,maven,io.dropwizard.metrics:metrics-core:4.1.0,NOT_REVIEWED,,,couchbase-connector-elasticsearch 4.2.11,KB_COMPONENT,,1,OK,UNREVIEWED,,UNREVIEWED,,0,0,0,0,5/5/19,42,,,,,,,
,2b921d88-c1ab-4304-bf45-7110c1ca49f7,2f9228fd-fd78-48e0-9601-3bd57f421d6d,OkHttp,3.12.1,3.12.1,7cae335f-1193-421e-92f1-8802b4243e93,Apache License 2.0,PERMISSIVE,Transitive Dependency,,DYNAMICALLY_LINKED,true,MEDIUM,Not In Violation,,10/11/21,maven,com.squareup.okhttp3:okhttp:3.12.1,NOT_REVIEWED,,,couchbase-connector-elasticsearch 4.2.11,KB_COMPONENT,,1,OK,UNREVIEWED,,UNREVIEWED,,0,0,0,0,12/23/18,104,DECREASING,203,20,,,,
,92a62dae-28ba-467b-a999-60e889d11a58,847a79cf-1dc9-4e4b-8118-83bf525baee5,OkIO,1.15.0,1.15.0,7cae335f-1193-421e-92f1-8802b4243e93,Apache License 2.0,PERMISSIVE,Transitive Dependency,,DYNAMICALLY_LINKED,true,MEDIUM,Not In Violation,,7/20/21,maven,com.squareup.okio:okio:1.15.0,NOT_REVIEWED,,,couchbase-connector-elasticsearch 4.2.11,KB_COMPONENT,,1,OK,UNREVIEWED,,UNREVIEWED,,0,0,0,0,7/18/18,69,INCREASING,270,23,,,,
,d1e3f92a-1b37-4aa2-99e9-ee579ecab98f,97aa5c0b-618a-42cf-af6e-8315b625308e,Prometheus Java Simpleclient,0.8.1,0.8.1,7cae335f-1193-421e-92f1-8802b4243e93,Apache License 2.0,PERMISSIVE,Transitive Dependency,,DYNAMICALLY_LINKED,true,LOW,Not In Violation,,7/20/21,maven,io.prometheus:simpleclient:0.8.1,NOT_REVIEWED,,,couchbase-connector-elasticsearch 4.2.11,KB_COMPONENT,,1,OK,UNREVIEWED,,UNREVIEWED,,0,0,0,0,1/23/20,4,,,,,,,
,9a2e9df8-0dc1-4fde-9d96-0f7b8387d58c,fcc3c16e-35d6-4641-8d70-f7e382a43325,Prometheus Java Simpleclient Common,0.8.1,0.8.1,7cae335f-1193-421e-92f1-8802b4243e93,Apache License 2.0,PERMISSIVE,Transitive Dependency,,DYNAMICALLY_LINKED,true,LOW,Not In Violation,,7/20/21,maven,io.prometheus:simpleclient_common:0.8.1,NOT_REVIEWED,,,couchbase-connector-elasticsearch 4.2.11,KB_COMPONENT,,1,OK,UNREVIEWED,,UNREVIEWED,,0,0,0,0,1/23/20,4,,,,,,,
,57acb49f-c5f5-4081-adbb-90099c4307d7,fa0c886f-94fc-45f8-9204-a9e1da43d358,Reactor Core,v3.4.5,3.4.5,7cae335f-1193-421e-92f1-8802b4243e93,Apache License 2.0,PERMISSIVE,Transitive Dependency,,DYNAMICALLY_LINKED,true,LOW,Not In Violation,,10/20/21,maven,io.projectreactor:reactor-core:3.4.5,NOT_REVIEWED,,,couchbase-connector-elasticsearch 4.2.11,KB_COMPONENT,,1,OK,UNREVIEWED,,UNREVIEWED,,0,0,0,0,4/12/21,10,INCREASING,562,46,,,,
,ca782761-ef54-4eb6-b7f0-b9fbb15a0698,895a72f6-8663-4eab-9c61-842f0c01d6d7,SLF4J API Module,1.7.30,1.7.30,ad705c59-6893-4980-bdbf-0837f1823cc4,MIT License,PERMISSIVE,Transitive Dependency,,DYNAMICALLY_LINKED,true,LOW,Not In Violation,,8/25/21,maven,org.slf4j:slf4j-api:1.7.30,NOT_REVIEWED,,,couchbase-connector-elasticsearch 4.2.11,KB_COMPONENT,,1,OK,UNREVIEWED,,UNREVIEWED,,0,0,0,0,12/16/19,6,,,,,,,
,925f23a2-2f52-4adb-a1cc-637d8424dff2,cc54ddcc-051b-45c6-b269-92f96c5bb5de,SLF4J Binding,2.11.2,2.11.2,7cae335f-1193-421e-92f1-8802b4243e93,Apache License 2.0,PERMISSIVE,Direct Dependency,,DYNAMICALLY_LINKED,true,MEDIUM,Not In Violation,,7/20/21,maven,org.apache.logging.log4j:log4j-slf4j-impl:2.11.2,NOT_REVIEWED,,,couchbase-connector-elasticsearch 4.2.11,KB_COMPONENT,,1,OK,UNREVIEWED,,UNREVIEWED,,0,0,0,0,2/5/19,9,,,,,,,
,7d5b8a95-2ae3-4f89-9b3b-d47c44f9d187,29780d1e-fc30-4096-b437-977a96905fab,SnakeYAML,1.17,1.17,7cae335f-1193-421e-92f1-8802b4243e93,Apache License 2.0,PERMISSIVE,Transitive Dependency,,DYNAMICALLY_LINKED,true,HIGH,Not In Violation,,7/20/21,maven,org.yaml:snakeyaml:1.17,NOT_REVIEWED,,,couchbase-connector-elasticsearch 4.2.11,KB_COMPONENT,,1,OK,UNREVIEWED,,UNREVIEWED,,0,0,1,0,2/19/16,24,STABLE,72,7,,,,
,7d837966-22e5-4bd0-8872-73a9476eca3c,11e6780b-7f2c-4e5a-99a5-94cb51ae2d2a,aggs-matrix-stats,6.7.1,6.7.1,7cae335f-1193-421e-92f1-8802b4243e93,Apache License 2.0,PERMISSIVE,Transitive Dependency,,DYNAMICALLY_LINKED,true,MEDIUM,Not In Violation,,7/20/21,maven,org.elasticsearch.plugin:aggs-matrix-stats-client:6.7.1,NOT_REVIEWED,,,couchbase-connector-elasticsearch 4.2.11,KB_COMPONENT,,1,OK,UNREVIEWED,,UNREVIEWED,,0,0,0,0,4/2/19,65,,,,,,,
,971a67a0-b0c7-4626-8078-a78a934956a7,100b26ea-9bcb-41c1-a1e0-63f466a52ec7,antlr4,4.7.1,4.7.1,"3d238144-44e6-450e-b523-3defbdaed9dc,ad705c59-6893-4980-bdbf-0837f1823cc4","(MIT License AND BSD 3-clause ""New"" or ""Revised"" License)",PERMISSIVE,Transitive Dependency,,DYNAMICALLY_LINKED,true,HIGH,Not In Violation,,7/20/21,maven,org.antlr:antlr4-runtime:4.7.1,NOT_REVIEWED,,,couchbase-connector-elasticsearch 4.2.11,KB_COMPONENT,,1,OK,UNREVIEWED,,UNREVIEWED,,0,0,0,0,5/28/17,19,INCREASING,448,54,,,,
,7cd5265c-4925-4b4c-a539-fbc89713c9cb,bff4d841-ed03-46bf-96b6-72b6a6c41283,beanvalidation-api,1.1.0,1.1.0.Final,7cae335f-1193-421e-92f1-8802b4243e93,Apache License 2.0,PERMISSIVE,Transitive Dependency,,DYNAMICALLY_LINKED,true,HIGH,Not In Violation,,7/20/21,maven,javax.validation:validation-api:1.1.0.Final,NOT_REVIEWED,,,couchbase-connector-elasticsearch 4.2.11,KB_COMPONENT,,1,OK,UNREVIEWED,,UNREVIEWED,,0,0,0,0,4/9/13,13,DECREASING,0,0,,,,
,22a436b0-03c3-4692-8200-8a5474dbc2e7,a79b49e3-cee4-4cfd-b1b7-bb869b5d9b69,cava-toml,0.3.1,0.3.1,7cae335f-1193-421e-92f1-8802b4243e93,Apache License 2.0,PERMISSIVE,Direct Dependency,,DYNAMICALLY_LINKED,true,LOW,Not In Violation,,7/20/21,maven,net.consensys.cava:cava-toml:0.3.1,NOT_REVIEWED,,,couchbase-connector-elasticsearch 4.2.11,KB_COMPONENT,,1,OK,UNREVIEWED,,UNREVIEWED,,0,0,0,0,8/22/18,2,,,,,,,
,8b1e6262-acd1-46ab-9e20-729d3186728a,de7f213d-f396-485f-9ab0-b32e4eeb9fa5,com.github.therapi:therapi-json-rpc,0.4.0,0.4.0,7cae335f-1193-421e-92f1-8802b4243e93,Apache License 2.0,PERMISSIVE,Direct Dependency,,DYNAMICALLY_LINKED,true,OK,Not In Violation,,7/20/21,maven,com.github.therapi:therapi-json-rpc:0.4.0,NOT_REVIEWED,,,couchbase-connector-elasticsearch 4.2.11,KB_COMPONENT,,1,OK,UNREVIEWED,,UNREVIEWED,,0,0,0,0,3/20/18,1,,,,,,,
,6c6b2b55-2f4c-482e-be71-89c245bfb3fa,901dda85-030f-4f86-8977-4fdfa8a6c308,com.github.therapi:therapi-runtime-javadoc,0.4.0,0.4.0,7cae335f-1193-421e-92f1-8802b4243e93,Apache License 2.0,PERMISSIVE,Transitive Dependency,,DYNAMICALLY_LINKED,true,MEDIUM,Not In Violation,,7/20/21,maven,com.github.therapi:therapi-runtime-javadoc:0.4.0,NOT_REVIEWED,,,couchbase-connector-elasticsearch 4.2.11,KB_COMPONENT,,1,OK,UNREVIEWED,,UNREVIEWED,,0,0,0,0,3/17/18,8,,,,,,,
,b16fe24f-d997-4543-b04c-3e0a5ae25fbf,12632c15-6218-4edd-a009-989c5259cb68,compiler - com.github.spullara.mustache.java:compiler,0.9.3,0.9.3,7cae335f-1193-421e-92f1-8802b4243e93,Apache License 2.0,PERMISSIVE,Transitive Dependency,,DYNAMICALLY_LINKED,true,HIGH,Not In Violation,,7/20/21,maven,com.github.spullara.mustache.java:compiler:0.9.3,NOT_REVIEWED,,,couchbase-connector-elasticsearch 4.2.11,KB_COMPONENT,,1,OK,UNREVIEWED,,UNREVIEWED,,0,0,0,0,7/19/16,5,,,,,,,
,47b2dc8a-abe4-4b6f-8cb0-4d8dcf68f8db,4583ab33-3224-4c5b-aa8b-0435c45c097c,consul-client,1.3.3,1.3.3,7cae335f-1193-421e-92f1-8802b4243e93,Apache License 2.0,PERMISSIVE,Direct Dependency,,DYNAMICALLY_LINKED,true,MEDIUM,Not In Violation,,7/20/21,maven,com.orbitz.consul:consul-client:1.3.3,NOT_REVIEWED,,,couchbase-connector-elasticsearch 4.2.11,KB_COMPONENT,,1,OK,UNREVIEWED,,UNREVIEWED,,0,0,0,0,3/18/19,13,,,,,,,
,cd3079df-6a37-41de-82bf-9150a5faf17a,7584b7bf-b253-48e8-aa19-43dd0728a9d1,elasticsearch-cli,6.7.1,6.7.1,7cae335f-1193-421e-92f1-8802b4243e93,Apache License 2.0,PERMISSIVE,Transitive Dependency,,DYNAMICALLY_LINKED,true,MEDIUM,Not In Violation,,7/20/21,maven,org.elasticsearch:elasticsearch-cli:6.7.1,NOT_REVIEWED,,,couchbase-connector-elasticsearch 4.2.11,KB_COMPONENT,,1,OK,UNREVIEWED,,UNREVIEWED,,0,0,0,0,4/2/19,67,,,,,,,
,55fbcd50-2b94-41bc-bdb7-7d807144b2e5,5953bae5-270f-499e-a22a-4f5aba8e2a27,elasticsearch-core,6.7.1,6.7.1,7cae335f-1193-421e-92f1-8802b4243e93,Apache License 2.0,PERMISSIVE,Transitive Dependency,,DYNAMICALLY_LINKED,true,MEDIUM,Not In Violation,,9/17/21,maven,org.elasticsearch:elasticsearch-core:6.7.1,NOT_REVIEWED,,,couchbase-connector-elasticsearch 4.2.11,KB_COMPONENT,,1,OK,UNREVIEWED,,UNREVIEWED,,0,0,0,0,4/2/19,67,,,,,,,
,cd59e9db-3e4c-47e7-ba77-a0bdb37beab4,8f190ec1-eed4-432d-ab80-758adbed8f76,elasticsearch-rest-client,6.7.1,6.7.1,7cae335f-1193-421e-92f1-8802b4243e93,Apache License 2.0,PERMISSIVE,Transitive Dependency,,DYNAMICALLY_LINKED,true,MEDIUM,Not In Violation,,7/20/21,maven,org.elasticsearch.client:elasticsearch-rest-client:6.7.1,NOT_REVIEWED,,,couchbase-connector-elasticsearch 4.2.11,KB_COMPONENT,,1,OK,UNREVIEWED,,UNREVIEWED,,0,0,0,0,4/2/19,67,,,,,,,
,40efa0ac-10f0-46c5-a8a8-6f627b3fd59c,4c72da8b-6a98-42fe-a34c-41f73c14b314,error-prone annotations,2.2.0,2.2.0,7cae335f-1193-421e-92f1-8802b4243e93,Apache License 2.0,PERMISSIVE,Transitive Dependency,,DYNAMICALLY_LINKED,true,MEDIUM,Not In Violation,,7/20/21,maven,com.google.errorprone:error_prone_annotations:2.2.0,NOT_REVIEWED,,,couchbase-connector-elasticsearch 4.2.11,KB_COMPONENT,,1,OK,UNREVIEWED,,UNREVIEWED,,0,0,0,0,1/8/18,14,,,,,,,
,d5b90213-52f8-4429-b3c7-ed582af929d2,5d9186b0-2cfe-49d2-a653-40778ef5fb21,jackson-annotations,2.9.8,2.9.8,7cae335f-1193-421e-92f1-8802b4243e93,Apache License 2.0,PERMISSIVE,Transitive Dependency,,DYNAMICALLY_LINKED,true,MEDIUM,Not In Violation,,10/5/21,maven,com.fasterxml.jackson.core:jackson-annotations:2.9.8,NOT_REVIEWED,,,couchbase-connector-elasticsearch 4.2.11,KB_COMPONENT,,1,OK,UNREVIEWED,,UNREVIEWED,,0,0,0,0,12/15/18,31,INCREASING,98,1,,,,
,3e00ddf9-24b9-4f51-96fb-1e4ac8723eb2,69ee8435-d8b4-4c9c-b823-dc2beaa67c4d,jackson-core,2.9.8,2.9.8,7cae335f-1193-421e-92f1-8802b4243e93,Apache License 2.0,PERMISSIVE,Transitive Dependency,,DYNAMICALLY_LINKED,true,HIGH,Not In Violation,,10/5/21,maven,com.fasterxml.jackson.core:jackson-core:2.9.8,NOT_REVIEWED,,,couchbase-connector-elasticsearch 4.2.11,KB_COMPONENT,,1,OK,UNREVIEWED,,UNREVIEWED,,0,0,0,0,12/15/18,35,INCREASING,0,11,,,,
,ce7ad18a-6e02-4565-a51c-4fc2c5bc7c47,b8b971bf-ad87-4201-94c8-49ef7ba3194b,jackson-databind,2.9.8,2.9.8,7cae335f-1193-421e-92f1-8802b4243e93,Apache License 2.0,PERMISSIVE,Transitive Dependency,,DYNAMICALLY_LINKED,true,MEDIUM,Not In Violation,,10/5/21,maven,com.fasterxml.jackson.core:jackson-databind:2.9.8,NOT_REVIEWED,,,couchbase-connector-elasticsearch 4.2.11,KB_COMPONENT,,1,OK,UNREVIEWED,,UNREVIEWED,,0,10,39,0,12/15/18,62,DECREASING,901,38,,,,
,f27eb5a5-f01e-42ef-8f6a-c1f705090078,dd73e641-fa24-4f28-a415-5598c329f532,jackson-dataformat-smile,2.8.11,2.8.11,7cae335f-1193-421e-92f1-8802b4243e93,Apache License 2.0,PERMISSIVE,Transitive Dependency,,DYNAMICALLY_LINKED,true,HIGH,Not In Violation,,7/20/21,maven,com.fasterxml.jackson.dataformat:jackson-dataformat-smile:2.8.11,NOT_REVIEWED,,,couchbase-connector-elasticsearch 4.2.11,KB_COMPONENT,,1,OK,UNREVIEWED,,UNREVIEWED,,0,0,0,0,12/22/17,33,STABLE,0,0,,,,
,85e122cd-1414-4d14-9491-70cfca490917,0ebc7d57-03ff-4261-9557-dc7fbff5c93d,jackson-dataformat-yaml,2.8.11,2.8.11,7cae335f-1193-421e-92f1-8802b4243e93,Apache License 2.0,PERMISSIVE,Transitive Dependency,,DYNAMICALLY_LINKED,true,HIGH,Not In Violation,,7/20/21,maven,com.fasterxml.jackson.dataformat:jackson-dataformat-yaml:2.8.11,NOT_REVIEWED,,,couchbase-connector-elasticsearch 4.2.11,KB_COMPONENT,,1,OK,UNREVIEWED,,UNREVIEWED,,0,0,0,0,12/22/17,33,STABLE,0,0,,,,
,ca50e49c-66cf-41c3-9c60-343195d75887,6edf616a-159f-4fdc-8375-25e283443698,jackson-datatype-guava,2.9.8,2.9.8,7cae335f-1193-421e-92f1-8802b4243e93,Apache License 2.0,PERMISSIVE,Transitive Dependency,,DYNAMICALLY_LINKED,true,HIGH,Not In Violation,,7/20/21,maven,com.fasterxml.jackson.datatype:jackson-datatype-guava:2.9.8,NOT_REVIEWED,,,couchbase-connector-elasticsearch 4.2.11,KB_COMPONENT,,1,OK,UNREVIEWED,,UNREVIEWED,,0,0,0,0,12/15/18,28,STABLE,0,0,,,,
,fdaade80-d187-47a2-9c58-34f135b64aaf,81d41189-1d6b-4157-8b21-171dce5539d6,jackson-module-jsonSchema,2.9.4,2.9.4,7cae335f-1193-421e-92f1-8802b4243e93,Apache License 2.0,PERMISSIVE,Transitive Dependency,,DYNAMICALLY_LINKED,true,MEDIUM,Not In Violation,,7/20/21,maven,com.fasterxml.jackson.module:jackson-module-jsonSchema:2.9.4,NOT_REVIEWED,,,couchbase-connector-elasticsearch 4.2.11,KB_COMPONENT,,1,OK,UNREVIEWED,,UNREVIEWED,,0,0,0,0,1/23/18,32,INCREASING,51,1,,,,
,7b311730-288f-40c6-bc34-32cc51991437,a40d994b-a930-4ba0-a6c6-dfc8b1a45562,lang-mustache,6.7.1,6.7.1,7cae335f-1193-421e-92f1-8802b4243e93,Apache License 2.0,PERMISSIVE,Transitive Dependency,,DYNAMICALLY_LINKED,true,MEDIUM,Not In Violation,,7/20/21,maven,org.elasticsearch.plugin:lang-mustache-client:6.7.1,NOT_REVIEWED,,,couchbase-connector-elasticsearch 4.2.11,KB_COMPONENT,,1,OK,UNREVIEWED,,UNREVIEWED,,0,0,0,0,4/5/19,70,,,,,,,
,735ebb62-a904-461a-b5c4-c6321c875be4,dccbbca9-4319-48ca-ab42-b4bf3216d7de,micrometer-core,1.5.5,1.5.5,7cae335f-1193-421e-92f1-8802b4243e93,Apache License 2.0,PERMISSIVE,Transitive Dependency,,DYNAMICALLY_LINKED,true,LOW,Not In Violation,,9/1/21,maven,io.micrometer:micrometer-core:1.5.5,NOT_REVIEWED,,,couchbase-connector-elasticsearch 4.2.11,KB_COMPONENT,,1,OK,UNREVIEWED,,UNREVIEWED,,0,0,0,0,9/17/20,41,,,,,,,
,cac0109f-ae72-4d71-9677-e5b9690f0aca,09e843e6-8769-4cbb-9f27-11be9d2382b1,micrometer-registry-prometheus,1.5.5,1.5.5,7cae335f-1193-421e-92f1-8802b4243e93,Apache License 2.0,PERMISSIVE,Direct Dependency,,DYNAMICALLY_LINKED,true,LOW,Not In Violation,,7/20/21,maven,io.micrometer:micrometer-registry-prometheus:1.5.5,NOT_REVIEWED,,,couchbase-connector-elasticsearch 4.2.11,KB_COMPONENT,,1,OK,UNREVIEWED,,UNREVIEWED,,0,0,0,0,9/17/20,41,,,,,,,
,36a49897-8ed2-42d8-895b-06468e5b005d,737805dd-5bdd-4ea1-8c60-a9219969c686,parent-join,6.7.1,6.7.1,7cae335f-1193-421e-92f1-8802b4243e93,Apache License 2.0,PERMISSIVE,Transitive Dependency,,DYNAMICALLY_LINKED,true,MEDIUM,Not In Violation,,7/20/21,maven,org.elasticsearch.plugin:parent-join-client:6.7.1,NOT_REVIEWED,,,couchbase-connector-elasticsearch 4.2.11,KB_COMPONENT,,1,OK,UNREVIEWED,,UNREVIEWED,,0,0,0,0,4/2/19,65,,,,,,,
,0326e78d-39cc-45a4-a078-b9439fb3f604,e023202f-345a-4539-9afa-5a7c4124495a,picocli - a mighty tiny Command Line Interface,3.9.6,3.9.6,7cae335f-1193-421e-92f1-8802b4243e93,Apache License 2.0,PERMISSIVE,Direct Dependency,,DYNAMICALLY_LINKED,true,MEDIUM,Not In Violation,,7/20/21,maven,info.picocli:picocli:3.9.6,NOT_REVIEWED,,,couchbase-connector-elasticsearch 4.2.11,KB_COMPONENT,,1,OK,UNREVIEWED,,UNREVIEWED,,0,0,0,0,4/6/19,24,,,,,,,
,6f3a1f3a-ca64-4bd9-9579-0b218ee1b6ff,53955490-3d8b-402d-84c0-d108ec4696ca,rank-eval,6.7.1,6.7.1,7cae335f-1193-421e-92f1-8802b4243e93,Apache License 2.0,PERMISSIVE,Transitive Dependency,,DYNAMICALLY_LINKED,true,MEDIUM,Not In Violation,,7/20/21,maven,org.elasticsearch.plugin:rank-eval-client:6.7.1,NOT_REVIEWED,,,couchbase-connector-elasticsearch 4.2.11,KB_COMPONENT,,1,OK,UNREVIEWED,,UNREVIEWED,,0,0,0,0,4/2/19,65,,,,,,,
,f00e23b5-eb1d-4939-93bb-4cbf7dedffb0,b7d36a0d-b650-40e4-be22-ce5c9e8535fe,reactive-streams,v1.0.3,1.0.3,a7c69599-62b6-4d06-9ec6-ea688c041c00,Creative Commons Zero v1.0 Universal,PERMISSIVE,Transitive Dependency,,DYNAMICALLY_LINKED,true,OK,Not In Violation,,7/20/21,maven,org.reactivestreams:reactive-streams:1.0.3,NOT_REVIEWED,,,couchbase-connector-elasticsearch 4.2.11,KB_COMPONENT,,1,OK,UNREVIEWED,,UNREVIEWED,,0,0,0,0,8/23/19,0,,,,,,,
,610845f4-5d0a-4668-b01e-4fb7afcfddae,8e08569f-6a0c-4bbd-b664-328e75397bb9,secure-sm,6.7.1,6.7.1,7cae335f-1193-421e-92f1-8802b4243e93,Apache License 2.0,PERMISSIVE,Transitive Dependency,,DYNAMICALLY_LINKED,true,MEDIUM,Not In Violation,,7/20/21,maven,org.elasticsearch:elasticsearch-secure-sm:6.7.1,NOT_REVIEWED,,,couchbase-connector-elasticsearch 4.2.11,KB_COMPONENT,,1,OK,UNREVIEWED,,UNREVIEWED,,0,0,0,0,4/2/19,67,,,,,,,
,76895fc2-832d-42e0-924e-13ab3fe469bc,0f8bf1dc-055a-46fe-bf2e-ef60cb50fee5,software.amazon.ion:ion-java,1.0.2,1.0.2,7cae335f-1193-421e-92f1-8802b4243e93,Apache License 2.0,PERMISSIVE,Transitive Dependency,,DYNAMICALLY_LINKED,true,HIGH,Not In Violation,,7/20/21,maven,software.amazon.ion:ion-java:1.0.2,NOT_REVIEWED,,,couchbase-connector-elasticsearch 4.2.11,KB_COMPONENT,,1,OK,UNREVIEWED,,UNREVIEWED,,0,0,0,0,2/7/17,10,,,,,,,
,7592d6d4-70c1-4bc8-92fc-a43e9b761afc,5185b05f-6b36-4cdf-a1d6-1189554e01bb,square-retrofit,2.5.0,2.5.0,7cae335f-1193-421e-92f1-8802b4243e93,Apache License 2.0,PERMISSIVE,Transitive Dependency,,DYNAMICALLY_LINKED,true,MEDIUM,Not In Violation,,10/11/21,maven,com.squareup.retrofit2:retrofit:2.5.0,NOT_REVIEWED,,,couchbase-connector-elasticsearch 4.2.11,KB_COMPONENT,,1,OK,UNREVIEWED,,UNREVIEWED,,0,0,0,0,11/18/18,48,DECREASING,61,15,,,,
,d6802421-e445-47bc-ae49-1cd23d691c4f,a0aa7a13-cde3-43a6-bd35-03a22053a915,t-digest,3.2,3.2,7cae335f-1193-421e-92f1-8802b4243e93,Apache License 2.0,PERMISSIVE,Transitive Dependency,,DYNAMICALLY_LINKED,true,HIGH,Not In Violation,,7/20/21,maven,com.tdunning:t-digest:3.2,NOT_REVIEWED,,,couchbase-connector-elasticsearch 4.2.11,KB_COMPONENT,,1,OK,UNREVIEWED,,UNREVIEWED,,0,0,0,0,8/6/17,0,DECREASING,11,4,,,,
,280c1403-7cf2-4574-8af1-561d2878506c,e33dd42a-8c93-4753-9092-e04043c84408,x-content,6.7.1,6.7.1,7cae335f-1193-421e-92f1-8802b4243e93,Apache License 2.0,PERMISSIVE,Transitive Dependency,,DYNAMICALLY_LINKED,true,MEDIUM,Not In Violation,,7/20/21,maven,org.elasticsearch:elasticsearch-x-content:6.7.1,NOT_REVIEWED,,,couchbase-connector-elasticsearch 4.2.11,KB_COMPONENT,,1,OK,UNREVIEWED,,UNREVIEWED,,0,0,0,0,4/2/19,67,,,,,,,
